sample_id,time_code,site_code,site_name,unique_code,date,time,weather,wind_m,wave_m,lat_n,long_e,water_temp,salinity,filtered_vol,water_color,tide,water_q_tool,sampling_person,linear_dist,qpcr_2ul
S001,BP01,St01,Isumi,BP01-St01-Isumi,2017/08/28,7:00,1,SSW_3.1,1.1,35.20274,140.39362,26.6,33.6,1000,1,110,Q974590,Miya,0,14.555
S002,BP01,St02,Katsuura,BP01-St02-Katuura,2017/08/28,8:00,1,SSW_3.1,1.1,35.14075,140.29029,26.1,34.2,1000,1,118,Q974590,Miya,13.5,3.515
S003,BP01,St03,Kominato,BP01-St03-Kominato,2017/08/28,8:35,1,SSE_2.4,1.1,35.1194,140.18449,26.3,33.7,1000,1,123,Q974590,Miya,26.1,0
S004,BP01,St04,Emi,BP01-St04-Emi,2017/08/28,9:40,1,SSE_2.4,1.1,35.05605,140.07296,26.8,34.2,1000,1,123,Q974590,Miya,43.1,1.443666667
S005,BP01,St05,Chikura,BP01-St05-Chikura,2017/08/28,10:50,1,SSE_2.4,1.1,34.94277,139.96443,27.6,35.5,1000,1,95,Q974590,Miya,62.5,3.305833333
S006,BP01,St06,Mera,BP01-St06-Mera,2017/08/28,11:50,1,SSE_2.4,1.1,34.91084,139.82427,28,35.3,1000,1,90,Q974590,Miya,79,0
S007,BP01,St07,Banda,BP01-St07-Banda,2017/08/28,12:50,1,NW_2.4,1.1,34.9758,139.76752,28.3,36,1000,1,81,Q974590,Miya,91.3,22.85333333
S008,BP01,St08,Taibusa,BP01-St08-Taibusa,2017/08/29,5:30,1,NW_2.4,1.3,35.03524,139.8159,25.4,34.6,1000,1,81,Q974590,Miya,110.7,18.10166667
S009,BP01,St09,Nishigasaki,BP01-St09-Nishigasaki,2017/08/29,8:25,1,NW_2.4,1.3,35.1016,139.82471,26.3,33.8,1000,1,115,Q974590,Miya,124.5,19.30133333
S010,BP01,St10,Myogane,BP01-St10-Myogane,2017/08/29,9:15,1,NW_2.4,1.3,35.1548,139.81796,26,34.5,1000,1,117,Q974590,Miya,132.5,1.3155
S011,BP01,St11,Tsuhama,BP01-St11-Tsuhama,2017/08/29,9:45,1,SW_3.0,1.3,35.27181,139.84696,NA,NA,1000,2,NA,NA,Miya,139.5,30.05666667
S012,BP02,St01,Isumi,BP02-St01-Isumi,2017/09/14,6:45,1,E_2.5,1.6,35.20274,140.39362,24,29.8,1000,1,68,Q974622,Miya,0,33.57833333
S013,BP02,St02,Katsuura,BP02-St02-Katuura,2017/09/14,7:45,1,E_2.5,1.6,35.14075,140.29029,24.8,33.8,1000,1,80,Q974622,Miya,13.5,3.733
S014,BP02,St03,Kominato,BP02-St03-Kominato,2017/09/14,8:25,1,ESE_1.9,1.6,35.11952,140.18497,25,34.3,1000,1,72,Q974622,Miya,26.1,0
S015,BP02,St04,Emi,BP02-St04-Emi,2017/09/14,9:25,1,ESE_1.9,1.6,35.05673,140.07402,26.2,34.3,1000,1,88,Q974622,Miya,43.1,17.70166667
S016,BP02,St05,Chikura,BP02-St05-Chikura,2017/09/14,10:30,1,ESE_1.9,1.6,34.94292,139.96486,27.5,33,1000,1,100,Q974622,Miya,62.5,1.049833333
S017,BP02,St06,Mera,BP02-St06-Mera,2017/09/14,11:35,1,ESE_1.9,1.6,34.91083,139.82424,25.5,29.6,1000,1,115,Q974622,Miya,79,0
S018,BP02,St07,Banda,BP02-St07-Banda,2017/09/14,12:50,1,WNW_2.1,1.6,34.9758,139.76749,26.9,35.7,1000,1,125,Q974611,Miya,91.3,42.65333333
S019,BP02,St08,Taibusa,BP02-St08-Taibusa,2017/09/14,14:00,1,WNW_2.1,1.6,35.03525,139.81589,26.4,35.5,1000,1,107,Q974611,Miya,110.7,4.406666667
S020,BP02,St09,Nishigasaki,BP02-St09-Nishigasaki,2017/09/15,6:25,2,WNW_2.1,2.2,35.10198,139.82515,23.8,34.1,1000,1,56,Q974611,Miya,124.5,6.723333333
S021,BP02,St10,Myogane,BP02-St10-Myogane,2017/09/15,7:10,2,WNW_2.1,2.2,35.15473,139.81813,23.9,33.5,1000,1,59,Q974611,Miya,132.5,18.31333333
S022,BP02,St11,Tsuhama,BP02-St11-Tsuhama,2017/09/15,7:55,2,ENE_2.3,2.2,35.20667,139.83755,24.2,34,800,3,65,Q974611,Miya,139.5,136.02
S023,BP03,St01,Isumi,BP03-St01-Isumi,2017/09/29,7:50,1,E_2.2,2.6,35.20333,140.39288,23.2,31.1,600,3,80,Q974623,Miya,0,5.023333333
S024,BP03,St02,Katsuura,BP03-St02-Katuura,2017/09/29,8:50,1,E_2.2,2.6,35.1408,140.2903,24.5,33.4,1000,2,92,Q974623,Miya,13.5,9.461666667
S025,BP03,St03,Kominato,BP03-St03-Kominato,2017/09/29,9:40,1,ESE_1.9,2.6,35.11944,140.1846,24,34.3,1000,1,105,Q974623,Miya,26.1,2.314833333
S026,BP03,St04,Emi,BP03-St04-Emi,2017/09/29,10:40,1,ESE_1.9,2.6,35.0567,140.07289,24.7,34.4,1000,2,110,Q974623,Miya,43.1,11.5675
S027,BP03,St05,Chikura,BP03-St05-Chikura,2017/09/29,11:40,1,ESE_1.9,2.6,34.94277,139.96441,25.2,34.2,1000,2,105,Q974623,Miya,62.5,8.877333333
S028,BP03,St06,Mera,BP03-St06-Mera,2017/09/29,13:10,1,ESE_1.9,2.6,34.91122,139.82439,26.2,35,1000,2,114,Q974623,Miya,79,0
S029,BP03,St07,Banda,BP03-St07-Banda,2017/09/29,13:50,1,ENE_2.0,2.6,34.9758,139.76749,26.7,30.8,1000,1,117,Q974623,Miya,91.3,8.3935
S030,BP03,St08,Taibusa,BP03-St08-Taibusa,2017/09/30,6:35,2,ENE_2.0,1.5,35.03515,139.81586,23.9,32.4,1000,1,76,Q974623,Miya,110.7,7.463833333
S031,BP03,St09,Nishigasaki,BP03-St09-Nishigasaki,2017/09/30,7:30,1,ENE_2.0,1.5,35.1022,139.82511,23.8,33,1000,1,58,Q974623,Miya,124.5,1.191
S032,BP03,St10,Myogane,BP03-St10-Myogane,2017/09/30,8:15,2,ENE_2.0,1.5,35.15477,139.81795,23.7,33.1,1000,1,61,Q974623,Miya,132.5,1.4025
S033,BP03,St11,Tsuhama,BP03-St11-Tsuhama,2017/09/30,8:55,1,N_1.9,1.5,35.20668,139.83754,22.8,31,1000,2,72,Q974623,Miya,139.5,32.29166667
S034,BP04,St01,Isumi,BP04-St01-Isumi,2017/10/12,8:25,1,SSW_3.9,2.1,35.20286,140.39344,23.9,32.8,500,3,115,Q974623,Miya,0,0
S035,BP04,St02,Katsuura,BP04-St02-Katuura,2017/10/12,9:20,1,SSW_3.9,2.1,35.14088,140.2902,26.2,34.7,1000,1,123,Q974623,Miya,13.5,0
S036,BP04,St03,Kominato,BP04-St03-Kominato,2017/10/12,10:05,1,WSW_3.0,2.1,35.11964,140.18501,25.4,34.8,1000,1,113,Q974623,Miya,26.1,0
S037,BP04,St04,Emi,BP04-St04-Emi,2017/10/12,11:10,1,WSW_3.0,2.1,35.0577,140.07494,27.2,35.3,1000,1,112,Q974623,Miya,43.1,2.703333333
S038,BP04,St05,Chikura,BP04-St05-Chikura,2017/10/12,12:15,1,WSW_3.0,2.1,34.94291,139.96458,26.7,34.9,1000,1,100,Q974623,Miya,62.5,2.375
S039,BP04,St06,Mera,BP04-St06-Mera,2017/10/12,13:10,1,WSW_3.0,2.1,34.91081,139.82427,25.7,34.8,1000,2,110,Q974623,Miya,79,0
S040,BP04,St07,Banda,BP04-St07-Banda,2017/10/12,14:05,1,SW_5.3,2.1,34.97581,139.76748,26.4,34.8,1000,1,107,Q974623,Miya,91.3,16.28166667
S041,BP04,St08,Taibusa,BP04-St08-Taibusa,2017/10/13,6:00,2,SW_5.3,1.8,35.03531,139.81587,23.1,33.4,1000,1,58,Q974623,Miya,110.7,4.313333333
S042,BP04,St09,Nishigasaki,BP04-St09-Nishigasaki,2017/10/13,8:50,2,SW_5.3,1.8,35.10226,139.82505,21.6,33.3,1000,1,106,Q974623,Miya,124.5,5.195
S043,BP04,St10,Myogane,BP04-St10-Myogane,2017/10/13,9:25,2,SW_5.3,1.8,35.15477,139.81798,22,33,1000,1,112,Q974623,Miya,132.5,9.363333333
S044,BP04,St11,Tsuhama,BP04-St11-Tsuhama,2017/10/13,10:00,2,ENE_3.3,1.8,35.20651,139.83761,21.1,31.5,800,2,116,Q974623,Miya,139.5,41.9
S045,BP05,St01,Isumi,BP05-St01-Isumi,2017/10/25,8:30,2,NNW_6.2,2.5,35.20526,140.3926,18.5,31.5,300,3,129,Q974623,Miya,0,12.41
S046,BP05,St02,Katsuura,BP05-St02-Katuura,2017/10/25,9:20,3,NNW_6.2,2.5,35.14086,140.29017,18.1,32,1000,2,122,Q974623,Miya,13.5,9.39
S047,BP05,St03,Kominato,BP05-St03-Kominato,2017/10/25,10:10,3,N_3.2,2.5,35.11941,140.18454,17.3,32.3,1000,1,135,Q974623,Miya,26.1,3.165
S048,BP05,St04,Emi,BP05-St04-Emi,2017/10/25,11:05,3,N_3.2,2.5,35.05678,140.07377,17.6,32.5,1000,1,126,Q974623,Miya,43.1,2.498333333
S049,BP05,St05,Chikura,BP05-St05-Chikura,2017/10/25,12:00,2,N_3.2,2.5,34.94274,139.9643,17.2,32.3,600,3,105,Q974623,Miya,62.5,0
S050,BP05,St06,Mera,BP05-St06-Mera,2017/10/25,13:00,3,N_3.2,2.5,34.91078,139.82447,17.8,32.8,1000,2,87,Q974623,Miya,79,0
S051,BP05,St07,Banda,BP05-St07-Banda,2017/10/25,13:55,3,N_4.0,2.5,34.97596,139.76871,19.3,32.7,700,2,99,Q974623,Miya,91.3,18.92833333
S052,BP05,St08,Taibusa,BP05-St08-Taibusa,2017/10/25,15:15,3,N_4.0,2.5,35.03522,139.81606,19.8,32.8,1000,1,107,Q974623,Miya,110.7,12.35166667
S053,BP05,St09,Nishigasaki,BP05-St09-Nishigasaki,2017/10/26,6:25,1,N_4.0,2.7,35.10218,139.82513,20.1,31.9,1000,1,105,Q974623,Miya,124.5,4.971666667
S054,BP05,St10,Myogane,BP05-St10-Myogane,2017/10/26,7:05,1,N_4.0,2.7,35.1548,139.81797,19.5,31.9,1000,2,112,Q974623,Miya,132.5,6.139
S055,BP05,St11,Tsuhama,BP05-St11-Tsuhama,2017/10/26,7:50,1,N_2.2,2.7,35.20651,139.83752,16.8,27.9,1000,2,125,Q974623,Miya,139.5,16.96
S056,BP06,St01,Isumi,BP06-St01-Isumi,2017/11/10,8:40,1,SSW_4.5,1,35.20255,140.39356,18.7,32.8,1000,1,127,Q974623,Miya,0,1.234666667
S057,BP06,St02,Katsuura,BP06-St02-Katuura,2017/11/10,9:40,1,SSW_4.5,1,35.14079,140.29009,20.7,33.6,1000,1,130,Q974623,Miya,13.5,0
S058,BP06,St03,Kominato,BP06-St03-Kominato,2017/11/10,10:25,1,WNW_2.0,1,35.11938,140.18452,21.4,34,1000,1,122,Q974623,Miya,26.1,0
S059,BP06,St04,Emi,BP06-St04-Emi,2017/11/10,11:25,1,WNW_2.0,1,35.05691,140.07396,21.3,34.4,1000,1,115,Q974623,Miya,43.1,1.673333333
S060,BP06,St05,Chikura,BP06-St05-Chikura,2017/11/10,12:35,1,WNW_2.0,1,34.94276,139.96445,20.3,34.3,1000,1,102,Q974623,Miya,62.5,0
S061,BP06,St06,Mera,BP06-St06-Mera,2017/11/10,13:35,1,WNW_2.0,1,34.91084,139.82424,22.2,34,1000,1,108,Q974623,Miya,79,1.492
S062,BP06,St07,Banda,BP06-St07-Banda,2017/11/10,14:25,1,SW_2.1,1,34.97578,139.76751,21.8,33.7,1000,1,118,Q974623,Miya,91.3,13.4445
S063,BP06,St08,Taibusa,BP06-St08-Taibusa,2017/11/11,9:50,1,SW_2.1,3.7,35.03559,139.81662,21.7,33,500,3,112,Q974623,Miya,110.7,15.81666667
S064,BP06,St09,Nishigasaki,BP06-St09-Nishigasaki,2017/11/11,10:40,1,SW_2.1,3.7,35.10311,139.82637,21.3,33.7,500,3,129,Q974623,Miya,124.5,0
S065,BP06,St10,Myogane,BP06-St10-Myogane,2017/11/11,11:15,1,SW_2.1,3.7,35.15523,139.8184,21.6,33.8,500,3,130,Q974623,Miya,132.5,5.455166667
S066,BP06,St11,Tsuhama,BP06-St11-Tsuhama,2017/11/11,11:50,1,SW_5.5,3.7,35.20598,139.83683,19.6,33.2,400,3,129,Q974623,Miya,139.5,13.05666667
S067,BP07,St01,Isumi,BP07-St01-Isumi,2017/11/26,8:35,1,SSW_4.3,1.4,35.20278,140.3935,16,31.6,600,3,113,Q974623,Miya,0,0
S068,BP07,St02,Katsuura,BP07-St02-Katuura,2017/11/26,9:20,1,SSW_4.3,1.4,35.14088,140.29008,16.4,33.7,1000,1,122,Q974623,Miya,13.5,0
S069,BP07,St03,Kominato,BP07-St03-Kominato,2017/11/26,10:05,1,WSW_7.8,1.4,35.11952,140.18494,16.9,33.4,1000,1,130,Q974623,Miya,26.1,0
S070,BP07,St04,Emi,BP07-St04-Emi,2017/11/26,11:05,1,WSW_7.8,1.4,35.05668,140.07401,18,33.7,1000,1,128,Q974623,Miya,43.1,1.338833333
S071,BP07,St05,Chikura,BP07-St05-Chikura,2017/11/26,12:10,1,WSW_7.8,1.4,34.94294,139.9646,18,33.5,1000,1,115,Q974623,Miya,62.5,0
S072,BP07,St06,Mera,BP07-St06-Mera,2017/11/26,13:10,1,WSW_7.8,1.4,34.91088,139.82438,16.6,33.4,1000,2,110,Q974623,Miya,79,0
S073,BP07,St07,Banda,BP07-St07-Banda,2017/11/26,14:00,2,WSW_5.6,1.4,34.97579,139.7675,17.2,33.3,1000,2,102,Q974623,Miya,91.3,14.30516667
S074,BP07,St08,Taibusa,BP07-St08-Taibusa,2017/11/27,8:30,1,WSW_5.6,1.7,35.03554,139.81563,15.9,32.1,1000,1,120,Q974623,Miya,110.7,2.006666667
S075,BP07,St09,Nishigasaki,BP07-St09-Nishigasaki,2017/11/27,9:30,2,WSW_5.6,1.7,35.1022,139.82512,15.7,31.8,1000,1,112,Q974623,Miya,124.5,6.251666667
S076,BP07,St10,Myogane,BP07-St10-Myogane,2017/11/27,10:20,2,WSW_5.6,1.7,35.15495,139.81822,15.3,31.5,1000,1,128,Q974623,Miya,132.5,6.213333333
S077,BP07,St11,Tsuhama,BP07-St11-Tsuhama,2017/11/27,11:00,2,ENE_3.2,1.7,35.20668,139.83772,14.5,31.1,1000,2,130,Q974623,Miya,139.5,15.08333333
S078,BP08,St01,Isumi,BP08-St01-Isumi,2017/12/10,8:20,1,SSW_4.3,1.2,35.20272,140.39362,13.1,31.5,500,2,95,Q974623,Miya,0,5.741666667
S079,BP08,St02,Katsuura,BP08-St02-Katuura,2017/12/10,9:05,1,SSW_4.3,1.2,35.14086,140.29019,18,32.8,1000,1,123,Q974623,Miya,13.5,0
S080,BP08,St03,Kominato,BP08-St03-Kominato,2017/12/10,9:50,1,WSW_2.6,1.2,35.1196,140.18562,NA,NA,1000,1,125,Q974623,Miya,26.1,5.12
S081,BP08,St04,Emi,BP08-St04-Emi,2017/12/10,10:50,1,WSW_2.6,1.2,35.05772,140.07494,16.4,33.1,1000,1,125,Q974623,Miya,43.1,0
S082,BP08,St05,Chikura,BP08-St05-Chikura,2017/12/10,11:50,2,WSW_2.6,1.2,34.94296,139.96459,16.7,32.3,1000,1,110,Q974623,Miya,62.5,0
S083,BP08,St06,Mera,BP08-St06-Mera,2017/12/10,12:40,1,WSW_2.6,1.2,34.91088,139.82441,16.6,33.4,1000,1,110,Q974623,Miya,79,0
S084,BP08,St07,Banda,BP08-St07-Banda,2017/12/10,13:30,1,WSW_4.3,1.2,34.97519,139.76752,15.3,33.3,1000,2,100,Q974623,Miya,91.3,0
S085,BP08,St08,Taibusa,BP08-St08-Taibusa,2017/12/11,8:00,1,WSW_4.3,1.5,35.03556,139.81572,16.8,32.8,1000,1,90,Q974623,Miya,110.7,8.274333333
S086,BP08,St09,Nishigasaki,BP08-St09-Nishigasaki,2017/12/11,8:50,1,WSW_4.3,1.5,35.10214,139.82536,15.5,33,1000,1,121,Q974623,Miya,124.5,11.67333333
S087,BP08,St10,Myogane,BP08-St10-Myogane,2017/12/11,9:30,1,WSW_4.3,1.5,35.15485,139.81828,15.4,32.9,1000,2,130,Q974623,Miya,132.5,2.188333333
S088,BP08,St11,Tsuhama,BP08-St11-Tsuhama,2017/12/11,10:15,1,WSW_6.1,1.5,35.2064,139.83733,15.6,32.9,1000,2,135,Q974623,Miya,139.5,33.575
S089,BP09,St01,Isumi,BP09-St01-Isumi,2017/12/25,8:25,2,S_4.8,3.2,35.2036,140.39283,15.6,32.1,500,3,123,Q974623,Miya,0,16.42733333
S090,BP09,St02,Katsuura,BP09-St02-Katuura,2017/12/25,9:10,2,S_4.8,3.2,35.14086,140.2901,16.3,32.7,1000,2,125,Q974623,Miya,13.5,8.813833333
S091,BP09,St03,Kominato,BP09-St03-Kominato,2017/12/25,10:00,1,S_3.0,3.2,35.12083,140.18459,18.1,33.4,1000,2,132,Q974623,Miya,26.1,11.76183333
S092,BP09,St04,Emi,BP09-St04-Emi,2017/12/25,10:55,1,S_3.0,3.2,35.05786,140.07442,18.2,33.8,1000,2,125,Q974623,Miya,43.1,5.799166667
S093,BP09,St05,Chikura,BP09-St05-Chikura,2017/12/25,11:55,1,S_3.0,3.2,34.94295,139.96458,18.5,32.3,1000,2,111,Q974623,Miya,62.5,0
S094,BP09,St06,Mera,BP09-St06-Mera,2017/12/25,12:55,1,S_3.0,3.2,34.91088,139.82441,17.5,33.8,1000,2,110,Q974623,Miya,79,0
S095,BP09,St07,Banda,BP09-St07-Banda,2017/12/25,13:50,1,W_3.2,3.2,34.97577,139.76752,17.4,33.6,1000,2,110,Q974623,Miya,91.3,7.068333333
S096,BP09,St08,Taibusa,BP09-St08-Taibusa,2017/12/26,7:20,1,W_3.2,1.5,35.03531,139.81637,14.9,31.6,1000,1,110,Q974623,Miya,110.7,5.526666667
S097,BP09,St09,Nishigasaki,BP09-St09-Nishigasaki,2017/12/26,8:20,1,W_3.2,1.5,35.10212,139.82539,14.2,31.7,1000,1,110,Q974623,Miya,124.5,10.47666667
S098,BP09,St10,Myogane,BP09-St10-Myogane,2017/12/26,9:00,1,W_3.2,1.5,35.15478,139.81802,15.8,32.1,1000,1,123,Q974623,Miya,132.5,5.22
S099,BP09,St11,Tsuhama,BP09-St11-Tsuhama,2017/12/26,9:40,1,WSW_4.1,1.5,35.20639,139.83725,11.3,31.7,1000,1,130,Q974623,Miya,139.5,69.17333333
S100,BP10,St01,Isumi,BP10-St01-Isumi,2018/01/08,8:10,2,SSW_3.5,1.6,35.20328,140.39295,14.6,32.2,1000,1,122,Q974623,Miya,0,3.516666667
S101,BP10,St02,Katsuura,BP10-St02-Katuura,2018/01/08,9:05,2,SSW_3.5,1.6,35.14086,140.2901,14.7,32.5,1000,1,130,Q974623,Miya,13.5,0.954333333
S102,BP10,St03,Kominato,BP10-St03-Kominato,2018/01/08,9:45,2,WNW_2.0,1.6,35.1195,140.18467,15.8,32.7,1000,1,135,Q974623,Miya,26.1,0
S103,BP10,St04,Emi,BP10-St04-Emi,2018/01/08,10:40,3,WNW_2.0,1.6,35.05769,140.07494,15.8,33,1000,1,125,Q974623,Miya,43.1,5.411666667
S104,BP10,St05,Chikura,BP10-St05-Chikura,2018/01/08,11:35,2,WNW_2.0,1.6,34.94294,139.96459,16,33.3,1000,1,110,Q974623,Miya,62.5,1.963666667
S105,BP10,St06,Mera,BP10-St06-Mera,2018/01/08,12:30,2,WNW_2.0,1.6,34.91083,139.82427,15.7,33.2,1000,1,95,Q974623,Miya,79,0
S106,BP10,St07,Banda,BP10-St07-Banda,2018/01/08,13:20,2,NW_1.4,1.6,34.97577,139.76745,15.5,33.3,1000,1,80,Q974623,Miya,91.3,27.46833333
S107,BP10,St08,Taibusa,BP10-St08-Taibusa,2018/01/09,8:20,2,NW_1.4,5.1,35.03558,139.81666,15.9,33.1,1000,2,130,Q974623,Miya,110.7,2.592333333
S108,BP10,St09,Nishigasaki,BP10-St09-Nishigasaki,2018/01/09,9:15,2,NW_1.4,5.1,35.10167,139.82501,16,33.4,1000,2,135,Q974623,Miya,124.5,87.90666667
S109,BP10,St10,Myogane,BP10-St10-Myogane,2018/01/09,9:55,2,NW_1.4,5.1,35.15541,139.81837,16,31.5,1000,3,139,Q974623,Miya,132.5,24.945
S110,BP10,St11,Tsuhama,BP10-St11-Tsuhama,2018/01/09,10:30,2,SW_5.2,5.1,35.20597,139.83692,14.4,33,700,3,137,Q974623,Miya,139.5,39.635
S111,BP11,St01,Isumi,BP11-St01-Isumi,2018/01/24,9:35,1,WSW_4.7,2.5,35.20361,140.39287,13.3,33.4,600,2,125,Q974621,Miya,0,0
S112,BP11,St02,Katsuura,BP11-St02-Katuura,2018/01/24,10:25,2,WSW_4.7,2.5,35.14086,140.2901,12.7,32.9,1000,1,118,Q974621,Miya,13.5,0
S113,BP11,St03,Kominato,BP11-St03-Kominato,2018/01/24,11:10,1,W_4.2,2.5,35.11942,140.18456,13.1,31.8,1000,1,118,Q974621,Miya,26.1,2.481333333
S114,BP11,St04,Emi,BP11-St04-Emi,2018/01/24,12:00,2,W_4.2,2.5,35.05765,140.07505,10.8,31.8,1000,1,100,Q974621,Miya,43.1,0
S115,BP11,St05,Chikura,BP11-St05-Chikura,2018/01/24,13:00,1,W_4.2,2.5,34.94298,139.96464,12.7,32,1000,1,90,Q974621,Miya,62.5,3.293333333
S116,BP11,St06,Mera,BP11-St06-Mera,2018/01/24,13:50,1,W_4.2,2.5,34.91076,139.82466,12.7,32.4,1000,1,70,Q974621,Miya,79,5.770166667
S117,BP11,St07,Banda,BP11-St07-Banda,2018/01/24,14:40,1,WSW_9.1,2.5,34.97577,139.76745,11.8,31.9,1000,1,58,Q974621,Miya,91.3,15.07
S118,BP11,St08,Taibusa,BP11-St08-Taibusa,2018/01/25,7:10,1,WSW_9.1,1.8,35.03524,139.81587,12.3,35.5,1000,1,107,Q974621,Miya,110.7,2.573333333
S119,BP11,St09,Nishigasaki,BP11-St09-Nishigasaki,2018/01/25,8:10,1,WSW_9.1,1.8,35.1022,139.82512,14.1,28.8,1000,1,120,Q974621,Miya,124.5,0
S120,BP11,St10,Myogane,BP11-St10-Myogane,2018/01/25,8:55,1,WSW_9.1,1.8,35.15478,139.81801,14.1,30.1,1000,1,130,Q974621,Miya,132.5,0
S121,BP11,St11,Tsuhama,BP11-St11-Tsuhama,2018/01/25,9:40,1,NE_2.1,1.8,35.20637,139.83725,10.1,29.9,1000,1,135,Q974621,Miya,139.5,5.671666667
S122,BP12,St01,Isumi,BP12-St01-Isumi,2018/02/07,10:50,1,NNW_2.9,1.7,35.20271,140.39364,14.2,33.4,1000,2,110,Q974621,Miya,0,2.241666667
S123,BP12,St02,Katsuura,BP12-St02-Katuura,2018/02/07,9:55,1,NNW_2.9,1.7,35.14086,140.2901,14.3,32.4,1000,1,120,Q974621,Miya,13.5,0
S124,BP12,St03,Kominato,BP12-St03-Kominato,2018/02/07,9:10,1,W_2.1,1.7,35.11941,140.18456,14.6,31.3,1000,1,128,Q974621,Miya,26.1,0
S125,BP12,St04,Emi,BP12-St04-Emi,2018/02/07,8:15,1,W_2.1,1.7,35.0577,140.07497,11.4,31.2,1000,1,125,Q974621,Miya,43.1,0
S126,BP12,St05,Chikura,BP12-St05-Chikura,2018/02/07,7:15,1,W_2.1,1.7,34.94292,139.96457,12.2,30.7,1000,1,113,Q974621,Miya,62.5,2.07
S127,BP12,St06,Mera,BP12-St06-Mera,2018/02/06,16:25,1,W_2.1,2.1,34.91076,139.82447,12.4,32.1,1000,1,52,Q974621,Miya,79,0
S128,BP12,St07,Banda,BP12-St07-Banda,2018/02/06,15:35,1,W_5.8,2.1,34.97577,139.76745,14,32.1,1000,1,60,Q974621,Miya,91.3,1.92
S129,BP12,St08,Taibusa,BP12-St08-Taibusa,2018/02/06,14:30,1,W_5.8,2.1,35.03531,139.81638,14.9,32.7,1000,1,68,Q974621,Miya,110.7,0.953
S130,BP12,St09,Nishigasaki,BP12-St09-Nishigasaki,2018/02/06,13:35,1,W_5.8,2.1,35.10222,139.82513,15.1,33.2,1000,1,70,Q974621,Miya,124.5,0
S131,BP12,St10,Myogane,BP12-St10-Myogane,2018/02/06,12:55,1,W_5.8,2.1,35.15486,139.81827,15.8,32.2,1000,1,78,Q974621,Miya,132.5,2.7525
S132,BP12,St11,Tsuhama,BP12-St11-Tsuhama,2018/02/06,12:15,1,SW_1.9,2.1,35.20642,139.83721,13.8,32.2,1000,2,95,Q974621,Miya,139.5,9.643333333
S133,BP13,St01,Isumi,BP13-St01-Isumi,2018/02/25,9:00,2,NNW_4.4,2.1,35.2045,140.39271,13.5,31.6,1000,1,108,Q974621,Miya,0,9.456666667
S134,BP13,St02,Katsuura,BP13-St02-Katuura,2018/02/25,9:45,2,NNW_4.4,2.1,35.14086,140.2901,14.3,32,1000,1,112,Q974621,Miya,13.5,3.633333333
S135,BP13,St03,Kominato,BP13-St03-Kominato,2018/02/25,10:30,2,NNE_2.3,2.1,35.11948,140.18467,13.6,32.1,1000,1,116,Q974621,Miya,26.1,5.728333333
S136,BP13,St04,Emi,BP13-St04-Emi,2018/02/25,11:30,2,NNE_2.3,2.1,35.05776,140.07497,14.5,32.1,1000,1,115,Q974621,Miya,43.1,6.16
S137,BP13,St05,Chikura,BP13-St05-Chikura,2018/02/25,12:25,2,NNE_2.3,2.1,34.94296,139.96461,13.8,32.3,1000,1,114,Q974621,Miya,62.5,2.803666667
S138,BP13,St06,Mera,BP13-St06-Mera,2018/02/25,13:15,2,NNE_2.3,2.1,34.91082,139.82425,15.1,32.5,1000,1,105,Q974621,Miya,79,0
S139,BP13,St07,Banda,BP13-St07-Banda,2018/02/25,14:05,2,ENE_2.5,2.1,34.97579,139.76749,14.2,32.6,1000,1,90,Q974621,Miya,91.3,14.79966667
S140,BP13,St08,Taibusa,BP13-St08-Taibusa,2018/02/26,7:50,2,ENE_2.5,2.5,35.03525,139.81591,13.7,30.9,1000,1,106,Q974621,Miya,110.7,0
S141,BP13,St09,Nishigasaki,BP13-St09-Nishigasaki,2018/02/26,8:45,2,ENE_2.5,2.5,35.1022,139.82512,13.7,31.2,1000,1,107,Q974621,Miya,124.5,3.955
S142,BP13,St10,Myogane,BP13-St10-Myogane,2018/02/26,9:30,2,ENE_2.5,2.5,35.15447,139.81839,13,31.5,1000,1,110,Q974621,Miya,132.5,0
S143,BP13,St11,Tsuhama,BP13-St11-Tsuhama,2018/02/26,10:10,2,ENE_3.5,2.5,35.20596,139.83665,9.8,31.2,1000,1,112,Q974621,Miya,139.5,1.266333333
S144,BP14,St01,Isumi,BP14-St01-Isumi,2018/03/11,8:05,2,SSW_3.2,1.9,35.20352,140.39288,13.9,31.9,700,2,96,Q974621,Miya,0,0
S145,BP14,St02,Katsuura,BP14-St02-Katuura,2018/03/11,8:55,1,SSW_3.2,1.9,35.14059,140.29002,15,32.6,1000,1,99,Q974621,Miya,13.5,3.536833333
S146,BP14,St03,Kominato,BP14-St03-Kominato,2018/03/11,9:40,1,SW_2.5,1.9,35.11954,140.18497,15.6,33,1000,1,123,Q974621,Miya,26.1,3.91
S147,BP14,St04,Emi,BP14-St04-Emi,2018/03/11,10:40,2,SW_2.5,1.9,35.05776,140.07498,16,33,1000,1,120,Q974621,Miya,43.1,1.741666667
S148,BP14,St05,Chikura,BP14-St05-Chikura,2018/03/11,11:35,1,SW_2.5,1.9,34.94297,139.96461,15.6,31.5,1000,2,115,Q974621,Miya,62.5,2.092166667
S149,BP14,St06,Mera,BP14-St06-Mera,2018/03/11,12:40,1,SW_2.5,1.9,34.91089,139.8243,16.5,34.3,1000,1,92,Q974621,Miya,79,0
S150,BP14,St07,Banda,BP14-St07-Banda,2018/03/11,13:30,1,SW_3.2,1.9,34.97581,139.76751,16.5,33.7,1000,1,85,Q974621,Miya,91.3,10.16266667
S151,BP14,St08,Taibusa,BP14-St08-Taibusa,2018/03/12,6:55,1,SW_3.2,1.8,35.03554,139.81562,12.7,30.6,1000,1,110,Q974621,Miya,110.7,9.3365
S152,BP14,St09,Nishigasaki,BP14-St09-Nishigasaki,2018/03/12,7:50,1,SW_3.2,1.8,35.10275,139.82597,12.3,30.9,1000,1,109,Q974621,Miya,124.5,7.176
S153,BP14,St10,Myogane,BP14-St10-Myogane,2018/03/12,8:35,1,SW_3.2,1.8,35.15479,139.81795,13.1,31.3,1000,1,110,Q974621,Miya,132.5,4.978333333
S154,BP14,St11,Tsuhama,BP14-St11-Tsuhama,2018/03/12,9:15,1,NNE_2.8,1.8,35.20672,139.83772,10.5,29.1,1000,2,112,Q974621,Miya,139.5,8.724333333
S155,BP15,St01,Isumi,BP15-St01-Isumi,2018/03/25,7:25,1,SSW_4.2,1.5,35.20221,140.39351,16.4,32.6,800,2,110,Q974621,Miya,0,1.5935
S156,BP15,St02,Katsuura,BP15-St02-Katuura,2018/03/25,8:15,1,SSW_4.2,1.5,35.14063,140.29001,15.7,33.5,1000,1,112,Q974621,Miya,13.5,0
S157,BP15,St03,Kominato,BP15-St03-Kominato,2018/03/25,9:00,1,WSW_2.3,1.5,35.11938,140.18339,17.3,33.7,1000,1,117,Q974621,Miya,26.1,1.751666667
S158,BP15,St04,Emi,BP15-St04-Emi,2018/03/25,10:10,1,WSW_2.3,1.5,35.05776,140.075,17.4,33.6,1000,1,114,Q974621,Miya,43.1,0
S159,BP15,St05,Chikura,BP15-St05-Chikura,2018/03/25,11:10,1,WSW_2.3,1.5,34.94293,139.96483,18.6,33.8,1000,1,108,Q974621,Miya,62.5,2.341666667
S160,BP15,St06,Mera,BP15-St06-Mera,2018/03/25,12:10,1,WSW_2.3,1.5,34.91051,139.82439,19.2,34.8,1000,1,89,Q974621,Miya,79,1.186833333
S161,BP15,St07,Banda,BP15-St07-Banda,2018/03/25,13:05,1,WSW_3.1,1.5,34.97581,139.76749,18.8,34.8,1000,1,84,Q974621,Miya,91.3,9.991
S162,BP15,St08,Taibusa,BP15-St08-Taibusa,2018/03/26,6:20,1,WSW_3.1,1.6,35.03552,139.8156,16.6,32.2,1000,1,111,Q974621,Miya,110.7,5.354666667
S163,BP15,St09,Nishigasaki,BP15-St09-Nishigasaki,2018/03/26,7:15,1,WSW_3.1,1.6,35.10219,139.82512,16,32.5,1000,1,112,Q974621,Miya,124.5,2.285166667
S164,BP15,St10,Myogane,BP15-St10-Myogane,2018/03/26,7:55,1,WSW_3.1,1.6,35.1548,139.81801,13.8,31.4,1000,1,113,Q974621,Miya,132.5,55.70333333
S165,BP15,St11,Tsuhama,BP15-St11-Tsuhama,2018/03/26,8:40,1,SW_2.6,1.6,35.2064,139.83718,15,31.4,1000,1,115,Q974621,Miya,139.5,34.12166667
S166,BP16,St01,Isumi,BP16-St01-Isumi,2018/04/08,7:25,1,SSW_3.3,2.1,35.20272,140.3936,14.9,32.8,1000,2,106,Q974621,Miya,0,21.5365
S167,BP16,St02,Katsuura,BP16-St02-Katuura,2018/04/08,8:15,1,SSW_3.3,2.1,35.14063,140.29013,15.9,33.2,1000,1,107,Q974621,Miya,13.5,0
S168,BP16,St03,Kominato,BP16-St03-Kominato,2018/04/08,9:00,1,W_2.4,2.1,35.1194,140.18453,14.9,33.8,1000,1,130,Q974621,Miya,26.1,4.930833333
S169,BP16,St04,Emi,BP16-St04-Emi,2018/04/08,9:50,1,W_2.4,2.1,35.05777,140.07502,14.5,33.6,1000,1,120,Q974621,Miya,43.1,0
S170,BP16,St05,Chikura,BP16-St05-Chikura,2018/04/08,10:50,1,W_2.4,2.1,34.94294,139.96483,14.1,33.9,1000,1,100,Q974621,Miya,62.5,6.392333333
S171,BP16,St06,Mera,BP16-St06-Mera,2018/04/08,11:45,1,W_2.4,2.1,34.9109,139.8244,17.2,34.4,1000,2,70,Q974621,Miya,79,17.41033333
S172,BP16,St07,Banda,BP16-St07-Banda,2018/04/08,12:40,1,WSW_5.1,2.1,34.97578,139.76746,17.5,34.7,1000,2,58,Q974621,Miya,91.3,5.523666667
S173,BP16,St08,Taibusa,BP16-St08-Taibusa,2018/04/09,6:10,1,WSW_5.1,1,35.03551,139.81563,15.2,31.1,1000,1,115,Q974621,Miya,110.7,9.628333333
S174,BP16,St09,Nishigasaki,BP16-St09-Nishigasaki,2018/04/09,7:00,1,WSW_5.1,1,35.10221,139.82513,15.4,31.2,1000,1,116,Q974621,Miya,124.5,8.905
S175,BP16,St10,Myogane,BP16-St10-Myogane,2018/04/09,7:45,1,WSW_5.1,1,35.1548,139.818,16.3,31.6,1000,1,118,Q974621,Miya,132.5,17.8075
S176,BP16,St11,Tsuhama,BP16-St11-Tsuhama,2018/04/09,8:30,1,SW_3.8,1,35.2064,139.83721,15.5,32.5,1000,1,119,Q974621,Miya,139.5,48.94666667
S177,BP17,St01,Isumi,BP17-St01-Isumi,2018/04/22,7:10,1,SSW_3.0,1.4,35.20271,140.3936,16.6,34.1,1000,2,121,Q974621,Miya,0,10.71666667
S178,BP17,St02,Katsuura,BP17-St02-Katuura,2018/04/22,7:55,1,SSW_3.0,1.4,35.1406,140.29016,18.6,33.7,1000,1,121,Q974621,Miya,13.5,0
S179,BP17,St03,Kominato,BP17-St03-Kominato,2018/04/22,8:40,1,SSW_1.8,1.4,35.1194,140.18453,20,33.4,1000,1,119,Q974621,Miya,26.1,4.020333333
S180,BP17,St04,Emi,BP17-St04-Emi,2018/04/22,9:40,1,SSW_1.8,1.4,35.05777,140.075,20.2,34.8,1000,1,110,Q974621,Miya,43.1,3.859833333
S181,BP17,St05,Chikura,BP17-St05-Chikura,2018/04/22,10:45,1,SSW_1.8,1.4,34.94295,139.96482,20,34.7,1000,1,92,Q974621,Miya,62.5,5.333166667
S182,BP17,St06,Mera,BP17-St06-Mera,2018/04/22,11:40,1,SSW_1.8,1.4,34.91086,139.82421,20.2,35.4,1000,1,65,Q974621,Miya,79,0
S183,BP17,St07,Banda,BP17-St07-Banda,2018/04/22,12:30,1,SW_3.8,1.4,34.97582,139.7675,20.4,35.3,1000,1,72,Q974621,Miya,91.3,20.52333333
S184,BP17,St08,Taibusa,BP17-St08-Taibusa,2018/04/23,6:00,2,SW_3.8,1.4,35.03554,139.81561,17.4,32.8,1000,1,117,Q974621,Miya,110.7,37.84333333
S185,BP17,St09,Nishigasaki,BP17-St09-Nishigasaki,2018/04/23,6:50,1,SW_3.8,1.4,35.10221,139.8251,17.5,32.4,1000,1,120,Q974621,Miya,124.5,41.43333333
S186,BP17,St10,Myogane,BP17-St10-Myogane,2018/04/23,7:35,2,SW_3.8,1.4,35.15479,139.81808,17.6,32.6,1000,1,121,Q974621,Miya,132.5,97.34666667
S187,BP17,St11,Tsuhama,BP17-St11-Tsuhama,2018/04/23,8:20,2,ENE_2.8,1.4,35.2064,139.83718,17.3,32.5,1000,1,122,Q974621,Miya,139.5,111.5783333
S188,BP18,St01,Isumi,BP18-St01-Isumi,2018/05/06,7:10,1,SSW_4.8,1.1,35.20273,140.39363,17.8,33.9,1000,2,117,Q974621,Miya,0,10.74216667
S189,BP18,St02,Katsuura,BP18-St02-Katuura,2018/05/06,7:55,1,SSW_4.8,1.1,35.14059,140.29006,18.4,34,1000,1,115,Q974621,Miya,13.5,4.995833333
S190,BP18,St03,Kominato,BP18-St03-Kominato,2018/05/06,8:40,1,SSW_3.7,1.1,35.11943,140.18449,18.5,34.5,1000,1,130,Q974621,Miya,26.1,3.54
S191,BP18,St04,Emi,BP18-St04-Emi,2018/05/06,9:35,1,SSW_3.7,1.1,35.05779,140.075,19.4,34.6,1000,1,115,Q974621,Miya,43.1,1.226333333
S192,BP18,St05,Chikura,BP18-St05-Chikura,2018/05/06,10:35,1,SSW_3.7,1.1,34.94297,139.965,18.1,34.7,1000,1,85,Q974621,Miya,62.5,0
S193,BP18,St06,Mera,BP18-St06-Mera,2018/05/06,11:35,1,SSW_3.7,1.1,34.91057,139.82453,21.2,35,1000,1,50,Q974621,Miya,79,0
S194,BP18,St07,Banda,BP18-St07-Banda,2018/05/06,12:25,1,SW_5.6,1.1,34.9758,139.76749,21.9,34.7,1000,1,55,Q974621,Miya,91.3,4.775
S195,BP18,St08,Taibusa,BP18-St08-Taibusa,2018/05/07,5:10,2,SW_5.6,1.9,35.03532,139.81634,19.4,32.9,1000,2,118,Q974621,Miya,110.7,5.5265
S196,BP18,St09,Nishigasaki,BP18-St09-Nishigasaki,2018/05/07,6:05,3,SW_5.6,1.9,35.03529,139.81629,18.5,33,1000,2,122,Q974621,Miya,124.5,11.76216667
S197,BP18,St10,Myogane,BP18-St10-Myogane,2018/05/07,6:40,3,SW_5.6,1.9,35.15483,139.81808,19.5,33.1,1000,1,123,Q974621,Miya,132.5,35.73133333
S198,BP18,St11,Tsuhama,BP18-St11-Tsuhama,2018/05/07,7:20,2,SW_4.1,1.9,35.20638,139.8372,18.6,32.4,1000,1,125,Q974621,Miya,139.5,17.875
S199,BP19,St01,Isumi,BP19-St01-Isumi,2018/05/20,7:05,1,NNE_4.1,2.7,35.20641,139.8327,17.1,32.8,600,3,134,Q974621,Miya,0,25.21
S200,BP19,St02,Katsuura,BP19-St02-Katuura,2018/05/20,7:45,1,NNE_4.1,2.7,35.14061,140.28978,17.9,33.2,1000,1,130,Q974621,Miya,13.5,4.980833333
S201,BP19,St03,Kominato,BP19-St03-Kominato,2018/05/20,8:25,1,NE_2.8,2.7,35.11939,140.18451,18,33.6,1000,1,110,Q974621,Miya,26.1,4.8785
S202,BP19,St04,Emi,BP19-St04-Emi,2018/05/20,9:20,1,NE_2.8,2.7,35.05778,140.07496,18.2,33.3,1000,1,93,Q974621,Miya,43.1,5.977333333
S203,BP19,St05,Chikura,BP19-St05-Chikura,2018/05/20,10:20,1,NE_2.8,2.7,34.94293,139.9648,18.5,34.1,1000,1,70,Q974621,Miya,62.5,8.140666667
S204,BP19,St06,Mera,BP19-St06-Mera,2018/05/20,11:15,1,NE_2.8,2.7,34.9105,139.82438,20.4,34.5,1000,1,50,Q974621,Miya,79,0
S205,BP19,St07,Banda,BP19-St07-Banda,2018/05/20,12:05,1,NE_4.4,2.7,34.97574,139.76732,19.7,34.8,1000,2,50,Q974621,Miya,91.3,24.235
S206,BP19,St08,Taibusa,BP19-St08-Taibusa,2018/05/21,5:25,1,NE_4.4,1.7,35.03547,139.81574,18.5,32.3,1000,1,125,Q974621,Miya,110.7,0
S207,BP19,St09,Nishigasaki,BP19-St09-Nishigasaki,2018/05/21,6:15,1,NE_4.4,1.7,35.1022,139.8251,18.1,32.3,1000,1,130,Q974621,Miya,124.5,8.923333333
S208,BP19,St10,Myogane,BP19-St10-Myogane,2018/05/21,6:55,1,NE_4.4,1.7,35.15479,139.81806,18.3,31.6,1000,1,132,Q974621,Miya,132.5,111.455
S209,BP19,St11,Tsuhama,BP19-St11-Tsuhama,2018/05/21,7:35,1,N_1.8,1.7,35.20639,139.83721,19.8,32.7,1000,1,130,Q974621,Miya,139.5,41.01333333
S210,BP20,St01,Isumi,BP20-St01-Isumi,2018/06/06,7:10,3,NNE_1.8,1,35.2027,140.3936,20.6,34.1,1000,1,103,Q974621,Miya,0,5.205
S211,BP20,St02,Katsuura,BP20-St02-Katuura,2018/06/06,8:00,3,NNE_1.8,1,35.14062,140.29009,22.3,33.9,1000,1,107,Q974621,Miya,13.5,6.123333333
S212,BP20,St03,Kominato,BP20-St03-Kominato,2018/06/06,8:50,3,SSE_0.9,1,35.11941,140.1845,21.5,33.6,1000,1,120,Q974621,Miya,26.1,1.161333333
S213,BP20,St04,Emi,BP20-St04-Emi,2018/06/06,9:45,3,SSE_0.9,1,35.05777,140.07499,21.5,33,1000,1,115,Q974621,Miya,43.1,18.5835
S214,BP20,St05,Chikura,BP20-St05-Chikura,2018/06/06,10:45,3,SSE_0.9,1,34.94294,139.96482,21.8,32.9,1000,1,100,Q974621,Miya,62.5,3.398166667
S215,BP20,St06,Mera,BP20-St06-Mera,2018/06/06,11:50,3,SSE_0.9,1,34.91051,139.82442,20.2,32.4,1000,1,70,Q974621,Miya,79,0
S216,BP20,St07,Banda,BP20-St07-Banda,2018/06/06,12:45,3,W_1.4,1,34.97574,139.76734,20.7,29.7,1000,1,75,Q974621,Miya,91.3,17.29166667
S217,BP20,St08,Taibusa,BP20-St08-Taibusa,2018/06/07,6:45,2,W_1.4,1.2,35.03554,139.81561,NA,NA,1000,1,91,Q974621,Miya,110.7,8.215
S218,BP20,St09,Nishigasaki,BP20-St09-Nishigasaki,2018/06/07,7:50,2,W_1.4,1.2,35.10221,139.82511,21.8,32.9,1000,1,97,Q974621,Miya,124.5,3.861666667
S219,BP20,St10,Myogane,BP20-St10-Myogane,2018/06/07,8:30,2,W_1.4,1.2,35.15481,139.81807,NA,NA,1000,1,100,Q974621,Miya,132.5,0
S220,BP20,St11,Tsuhama,BP20-St11-Tsuhama,2018/06/07,9:15,2,SW_1.7,1.2,35.20642,139.83719,NA,NA,1000,1,105,Q974621,Miya,139.5,0
S221,BP21,St01,Isumi,BP21-St01-Isumi,2018/06/20,7:10,2,NNE_3.2,2,35.20367,140.39281,20.1,34,500,3,110,Q974622,Miya,0,5.02
S222,BP21,St02,Katsuura,BP21-St02-Katuura,2018/06/20,8:00,3,NNE_3.2,2,35.14062,140.29007,20.5,33.7,1000,3,115,Q974622,Miya,13.5,47.08666667
S223,BP21,St03,Kominato,BP21-St03-Kominato,2018/06/20,8:45,3,WSW_3.0,2,35.11938,140.1845,NA,NA,1000,1,110,Q974622,Miya,26.1,4.815
S224,BP21,St04,Emi,BP21-St04-Emi,2018/06/20,10:00,3,WSW_3.0,2,35.05637,140.07282,21.4,33.1,1000,1,108,Q974622,Miya,43.1,9.287666667
S225,BP21,St05,Chikura,BP21-St05-Chikura,2018/06/20,10:55,3,WSW_3.0,2,34.94291,139.96441,21.6,32.7,1000,2,91,Q974622,Miya,62.5,11.98833333
S226,BP21,St06,Mera,BP21-St06-Mera,2018/06/20,13:05,3,WSW_3.0,2,34.91088,139.82426,21.4,31.9,1000,2,67,Q974622,Miya,79,6.300833333
S227,BP21,St07,Banda,BP21-St07-Banda,2018/06/20,13:50,2,WSW_4.3,2,34.9758,139.76751,21.2,32.8,700,2,62,Q974622,Miya,91.3,6.42
S228,BP21,St08,Taibusa,BP21-St08-Taibusa,2018/06/21,6:45,3,WSW_4.3,3.4,35.03561,139.81576,21,33,1000,2,100,Q974622,Miya,110.7,27.67333333
S229,BP21,St09,Nishigasaki,BP21-St09-Nishigasaki,2018/06/21,7:35,2,WSW_4.3,3.4,35.10221,139.82512,20.7,32.7,900,1,103,Q974622,Miya,124.5,0
S230,BP21,St10,Myogane,BP21-St10-Myogane,2018/06/21,8:20,2,WSW_4.3,3.4,35.15481,139.81814,21.3,33.2,800,2,110,Q974622,Miya,132.5,9.77
S231,BP21,St11,Tsuhama,BP21-St11-Tsuhama,2018/06/21,9:00,2,ENE_2.6,3.4,35.2064,139.83719,20.6,31.1,450,3,112,Q974622,Miya,139.5,0
S232,BP22,St01,Isumi,BP22-St01-Isumi,2018/07/06,6:05,2,SSW_3.2,1.4,35.20274,140.39361,17.7,35.4,700,2,86,Q974610,Miya,0,24.92666667
S233,BP22,St02,Katsuura,BP22-St02-Katuura,2018/07/06,6:55,3,SSW_3.2,1.4,35.14061,140.2901,21.1,35.1,1000,2,95,Q974610,Miya,13.5,14.0305
S234,BP22,St03,Kominato,BP22-St03-Kominato,2018/07/06,7:30,3,SW_2.9,1.4,35.11975,140.18492,21.2,34.6,1000,1,110,Q974610,Miya,26.1,4.751166667
S235,BP22,St04,Emi,BP22-St04-Emi,2018/07/06,8:20,2,SW_2.9,1.4,35.05779,140.07501,20.2,34.7,1000,1,115,Q974610,Miya,43.1,6.055
S236,BP22,St05,Chikura,BP22-St05-Chikura,2018/07/06,9:15,3,SW_2.9,1.4,34.94292,139.96481,20.8,34.9,1000,1,105,Q974610,Miya,62.5,9.459166667
S237,BP22,St06,Mera,BP22-St06-Mera,2018/07/06,10:05,3,SW_2.9,1.4,34.91073,139.82463,23.2,34.2,700,1,110,Q974610,Miya,79,4.203333333
S238,BP22,St07,Banda,BP22-St07-Banda,2018/07/06,12:35,2,SW_5.6,1.4,34.9758,139.7675,24.5,34.2,1000,2,110,Q974610,Miya,91.3,19.91666667
S239,BP22,St08,Taibusa,BP22-St08-Taibusa,2018/07/07,6:20,3,SW_5.6,1.8,35.03552,139.81564,25.8,33.8,1000,1,72,Q974610,Miya,110.7,45.22166667
S240,BP22,St09,Nishigasaki,BP22-St09-Nishigasaki,2018/07/07,7:10,2,SW_5.6,1.8,35.10279,139.82605,NA,NA,1000,1,75,Q974610,Miya,124.5,10.98933333
S241,BP22,St10,Myogane,BP22-St10-Myogane,2018/07/07,8:00,2,SW_5.6,1.8,35.15479,139.81808,NA,NA,1000,1,80,Q974610,Miya,132.5,16.5355
S242,BP22,St11,Tsuhama,BP22-St11-Tsuhama,2018/07/07,8:35,1,SW_2.3,1.8,35.2064,139.83719,NA,NA,1000,1,85,Q974610,Miya,139.5,170.935
S243,BP23,St01,Isumi,BP23-St01-Isumi,2018/07/19,5:45,1,SSW_2.8,1.4,35.20274,140.39361,22.3,35.1,1000,2,100,Q974611,Miya,0,19.3715
S244,BP23,St02,Katsuura,BP23-St02-Katuura,2018/07/19,6:45,1,SSW_2.8,1.4,35.14061,140.2901,25.7,32.7,1000,1,112,Q974611,Miya,13.5,21.28
S245,BP23,St03,Kominato,BP23-St03-Kominato,2018/07/19,7:35,1,SSW_2.4,1.4,35.11975,140.18492,25,35,1000,1,110,Q974611,Miya,26.1,3.062
S246,BP23,St04,Emi,BP23-St04-Emi,2018/07/19,8:30,1,SSW_2.4,1.4,35.05779,140.07501,24.6,35.3,1000,1,115,Q974611,Miya,43.1,17.24033333
S247,BP23,St05,Chikura,BP23-St05-Chikura,2018/07/19,9:30,1,SSW_2.4,1.4,34.94309,139.96449,24.2,35.6,1000,1,115,Q974611,Miya,62.5,13.67816667
S248,BP23,St06,Mera,BP23-St06-Mera,2018/07/19,10:25,1,SSW_2.4,1.4,34.91017,139.82482,28.5,35.7,1000,1,110,Q974611,Miya,79,1.542833333
S249,BP23,St07,Banda,BP23-St07-Banda,2018/07/19,11:20,1,S_3.7,1.4,34.9758,139.7675,28.1,35.7,1000,1,105,Q974611,Miya,91.3,24.5715
S250,BP23,St08,Taibusa,BP23-St08-Taibusa,2018/07/20,4:35,1,S_3.7,1.4,35.03552,139.81564,26.7,34.3,1000,1,82,Q974611,Miya,110.7,27.62166667
S251,BP23,St09,Nishigasaki,BP23-St09-Nishigasaki,2018/07/20,5:35,1,S_3.7,1.4,35.10279,139.82605,26,33.4,1000,1,90,Q974611,Miya,124.5,13.04
S252,BP23,St10,Myogane,BP23-St10-Myogane,2018/07/20,6:15,1,S_3.7,1.4,35.15479,139.81808,26.2,34.6,1000,1,95,Q974611,Miya,132.5,12.685
S253,BP23,St11,Tsuhama,BP23-St11-Tsuhama,2018/07/20,6:55,1,SW_2.7,1.4,35.2064,139.83719,26.8,33.9,1000,1,105,Q974611,Miya,139.5,320.9
S254,BP24,St01,Isumi,BP24-St01-Isumi,2018/08/02,5:35,1,SSW_2.3,1.2,35.20271,140.39362,23.9,34.3,350,2,120,Q974611,Miya,0,25.26716667
S255,BP24,St02,Katsuura,BP24-St02-Katuura,2018/08/02,4:50,1,SSW_2.3,1.2,35.14061,140.2901,26.5,34.8,1000,1,110,Q974611,Miya,13.5,0
S256,BP24,St03,Kominato,BP24-St03-Kominato,2018/08/02,6:35,1,SSW_1.6,1.2,35.11939,140.18451,26.8,34.9,1000,1,139,Q974611,Miya,26.1,7.828333333
S257,BP24,St04,Emi,BP24-St04-Emi,2018/08/02,7:25,1,SSW_1.6,1.2,35.05771,140.07494,26,35.1,1000,1,139,Q974611,Miya,43.1,21.055
S258,BP24,St05,Chikura,BP24-St05-Chikura,2018/08/02,8:20,1,SSW_1.6,1.2,34.94296,139.9646,26,35.2,1000,1,125,Q974611,Miya,62.5,6.047833333
S259,BP24,St06,Mera,BP24-St06-Mera,2018/08/02,9:20,1,SSW_1.6,1.2,34.91084,139.82423,26.6,35.3,1000,1,110,Q974611,Miya,79,3.038166667
S260,BP24,St07,Banda,BP24-St07-Banda,2018/08/02,10:10,1,SW_2.7,1.2,34.97578,139.7675,28.3,35.7,1000,1,100,Q974611,Miya,91.3,34.06666667
S261,BP24,St08,Taibusa,BP24-St08-Taibusa,2018/08/03,4:35,1,SW_2.7,1.2,35.03554,139.81563,26.2,34.4,1000,1,85,Q974611,Miya,110.7,26.38
S262,BP24,St09,Nishigasaki,BP24-St09-Nishigasaki,2018/08/03,5:30,1,SW_2.7,1.2,35.10218,139.82511,26.6,34.2,1000,1,95,Q974611,Miya,124.5,23.99833333
S263,BP24,St10,Myogane,BP24-St10-Myogane,2018/08/03,6:15,1,SW_2.7,1.2,35.1548,139.81807,26.8,34.5,1000,1,105,Q974611,Miya,132.5,21.40333333
S264,BP24,St11,Tsuhama,BP24-St11-Tsuhama,2018/08/03,6:50,1,E_1.6,1.2,35.20641,139.83722,27.2,33.9,1000,1,118,Q974611,Miya,139.5,121.9166667
S265,BP25,St01,Isumi,BP25-St01-Isumi,2018/08/21,5:50,2,SSW_2.4,2.3,35.20273,140.39363,24.5,33.4,400,3,55,Q974611,Miya,0,33.88166667
S266,BP25,St02,Katsuura,BP25-St02-Katuura,2018/08/21,5:00,2,SSW_2.4,2.3,35.14059,140.29005,25.2,34.3,700,2,65,Q974611,Miya,13.5,23.46666667
S267,BP25,St03,Kominato,BP25-St03-Kominato,2018/08/21,7:00,1,SSE_2.3,2.3,35.11944,140.18452,26.3,34.4,1000,1,53,Q974611,Miya,26.1,0
S268,BP25,St04,Emi,BP25-St04-Emi,2018/08/21,7:50,1,SSE_2.3,2.3,35.05773,140.07496,27.6,34.6,1000,1,55,Q974611,Miya,43.1,0
S269,BP25,St05,Chikura,BP25-St05-Chikura,2018/08/21,8:50,1,SSE_2.3,2.3,34.94293,139.96469,27.6,35.2,1000,1,63,Q974611,Miya,62.5,5.3615
S270,BP25,St06,Mera,BP25-St06-Mera,2018/08/21,9:45,1,SSE_2.3,2.3,34.91059,139.82456,28,35.6,1000,2,70,Q974611,Miya,79,0
S271,BP25,St07,Banda,BP25-St07-Banda,2018/08/21,10:40,1,SSW_2.7,2.3,34.97579,139.76749,27.6,35.7,1000,1,77,Q974611,Miya,91.3,30.05
S272,BP25,St08,Taibusa,BP25-St08-Taibusa,2018/08/22,5:15,1,SSW_2.7,2.6,35.03556,139.81561,26.1,34.1,1000,1,75,Q974611,Miya,110.7,39.255
S273,BP25,St09,Nishigasaki,BP25-St09-Nishigasaki,2018/08/22,6:10,1,SSW_2.7,2.6,35.10218,139.82511,25.8,33.4,1000,1,60,Q974611,Miya,124.5,2.253333333
S274,BP25,St10,Myogane,BP25-St10-Myogane,2018/08/22,7:00,1,SSW_2.7,2.6,35.15479,139.81808,26.6,30.6,1000,1,50,Q974611,Miya,132.5,6.691833333
S275,BP25,St11,Tsuhama,BP25-St11-Tsuhama,2018/08/22,7:40,1,WSW_2.3,2.6,35.20644,139.8372,26.4,31.7,500,3,45,Q974611,Miya,139.5,88.60333333
S276,BP26,St01,Isumi,BP26-St01-Isumi,2018/09/02,13:50,2,NNE_3.0,1.5,35.20273,140.3936,24.5,34.3,700,3,83,Q974611,Miya,0,25.23833333
S277,BP26,St02,Katsuura,BP26-St02-Katuura,2018/09/02,15:00,2,NNE_3.0,1.5,35.1406,140.2901,23.6,34.9,1000,2,85,Q974611,Miya,13.5,22.75333333
S278,BP26,St03,Kominato,BP26-St03-Kominato,2018/09/03,6:50,3,S_1.8,2,35.11944,140.1846,24.6,33.9,1000,1,80,Q974611,Miya,26.1,0
S279,BP26,St04,Emi,BP26-St04-Emi,2018/09/03,7:40,2,S_1.8,2,35.05777,140.07497,23.8,34.1,1000,2,90,Q974611,Miya,43.1,3.685
S280,BP26,St05,Chikura,BP26-St05-Chikura,2018/09/03,8:35,2,S_1.8,2,34.94295,139.9646,23,34.3,1000,1,95,Q974611,Miya,62.5,8.87
S281,BP26,St06,Mera,BP26-St06-Mera,2018/09/03,9:30,3,S_1.8,2,34.91089,139.82441,24.9,33.8,700,3,115,Q974611,Miya,79,3.422
S282,BP26,St07,Banda,BP26-St07-Banda,2018/09/03,14:10,1,SE_1.6,2,34.97575,139.76752,NA,NA,500,3,104,Q974611,Miya,91.3,50.24
S283,BP26,St08,Taibusa,BP26-St08-Taibusa,2018/09/03,13:00,2,SE_1.6,2,35.03533,139.81625,26.9,34.4,850,3,108,Q974611,Miya,110.7,12.741
S284,BP26,St09,Nishigasaki,BP26-St09-Nishigasaki,2018/09/03,12:10,2,SE_1.6,2,35.1022,139.82512,27,33.9,1000,2,112,Q974611,Miya,124.5,5.271166667
S285,BP26,St10,Myogane,BP26-St10-Myogane,2018/09/03,11:30,2,SE_1.6,2,35.15469,139.81809,26,34,1000,1,112,Q974611,Miya,132.5,4.256666667
S286,BP26,St11,Tsuhama,BP26-St11-Tsuhama,2018/09/03,10:50,3,NW_1.4,2,35.20641,139.83721,25.9,32.8,1000,2,110,Q974611,Miya,139.5,81.47833333
S287,BP27,St01,Isumi,BP27-St01-Isumi,2018/09/17,7:15,2,NNE_2.6,2.6,35.20275,140.39345,22.7,31.5,600,3,85,822494,Miya,0,30.81333333
S288,BP27,St02,Katsuura,BP27-St02-Katuura,2018/09/17,8:00,1,NNE_2.6,2.6,35.14073,140.29016,25.1,31.9,1000,2,95,822494,Miya,13.5,12.945
S289,BP27,St03,Kominato,BP27-St03-Kominato,2018/09/17,8:45,1,E_2.2,2.6,35.1194,140.18458,25.8,32.2,1000,1,108,822494,Miya,26.1,0.943333333
S290,BP27,St04,Emi,BP27-St04-Emi,2018/09/17,9:40,1,E_2.2,2.6,35.05767,140.07494,26.6,32.4,1000,2,115,822494,Miya,43.1,4.226166667
S291,BP27,St05,Chikura,BP27-St05-Chikura,2018/09/17,10:40,1,E_2.2,2.6,34.94293,139.96451,26,32.1,1000,3,105,822494,Miya,62.5,0
S292,BP27,St06,Mera,BP27-St06-Mera,2018/09/17,11:30,1,E_2.2,2.6,34.91106,139.82452,26.2,31.6,800,3,110,822494,Miya,79,0.858333333
S293,BP27,St07,Banda,BP27-St07-Banda,2018/09/17,12:20,1,E_2.6,2.6,34.97578,139.76753,25.9,31.9,1000,3,110,822494,Miya,91.3,48.915
S294,BP27,St08,Taibusa,BP27-St08-Taibusa,2018/09/18,6:10,2,E_2.6,1.6,35.03523,139.81627,24.9,31.1,1000,3,62,822494,Miya,110.7,49.89166667
S295,BP27,St09,Nishigasaki,BP27-St09-Nishigasaki,2018/09/18,7:00,2,E_2.6,1.6,35.10221,139.82511,24.9,32.1,1000,1,75,822494,Miya,124.5,11.63
S296,BP27,St10,Myogane,BP27-St10-Myogane,2018/09/18,7:50,2,E_2.6,1.6,35.1548,139.81809,24.8,31.2,1000,1,85,822494,Miya,132.5,23.93666667
S297,BP27,St11,Tsuhama,BP27-St11-Tsuhama,2018/09/18,8:30,2,ESE_1.8,1.6,35.2064,139.83721,24.4,30.6,800,2,90,822494,Miya,139.5,97.15166667
S298,BP28,St01,Isumi,BP28-St01-Isumi,2018/10/02,7:15,1,E_1.7,1.7,35.20276,140.39351,22,31.5,600,3,90,822494,Miya,0,32.82
S299,BP28,St02,Katsuura,BP28-St02-Katuura,2018/10/02,8:00,1,E_1.7,1.7,35.14062,140.29012,22.5,31.7,1000,2,105,822494,Miya,13.5,27.105
S300,BP28,St03,Kominato,BP28-St03-Kominato,2018/10/02,8:50,1,ESE_1.9,1.7,35.11937,140.18449,20.8,32,1000,2,105,822494,Miya,26.1,3.699333333
S301,BP28,St04,Emi,BP28-St04-Emi,2018/10/02,9:50,1,ESE_1.9,1.7,35.05777,140.07499,21.8,32,1000,2,110,822494,Miya,43.1,4.546833333
S302,BP28,St05,Chikura,BP28-St05-Chikura,2018/10/02,10:50,1,ESE_1.9,1.7,34.94294,139.96482,NA,32.8,1000,2,105,822494,Miya,62.5,5.927333333
S303,BP28,St06,Mera,BP28-St06-Mera,2018/10/02,11:50,1,ESE_1.9,1.7,34.91088,139.82427,23.6,32,1000,2,115,822494,Miya,79,3.713333333
S304,BP28,St07,Banda,BP28-St07-Banda,2018/10/02,12:40,1,W_2.7,1.7,34.97577,139.76751,24.3,31.9,1000,1,130,822494,Miya,91.3,26.46783333
S305,BP28,St08,Taibusa,BP28-St08-Taibusa,2018/10/03,6:00,1,W_2.7,1.2,35.03514,139.81619,23.2,31.3,1000,1,60,822494,Miya,110.7,15.205
S306,BP28,St09,Nishigasaki,BP28-St09-Nishigasaki,2018/10/03,6:55,2,W_2.7,1.2,35.1022,139.82511,23.3,31.4,1000,1,70,822494,Miya,124.5,9.408333333
S307,BP28,St10,Myogane,BP28-St10-Myogane,2018/10/03,7:40,2,W_2.7,1.2,35.15479,139.81808,23.5,31.6,1000,1,78,822494,Miya,132.5,16.42833333
S308,BP28,St11,Tsuhama,BP28-St11-Tsuhama,2018/10/03,8:20,2,NNE_2.9,1.2,35.20655,139.83722,23.2,30.8,1000,2,82,822494,Miya,139.5,87.68166667
S309,BP29,St01,Isumi,BP29-St01-Isumi,2018/10/16,9:35,1,NNW_3.7,1.5,35.20343,140.39289,22.5,31.5,600,3,116,Q974611,Miya,0,6.6435
S310,BP29,St02,Katsuura,BP29-St02-Katuura,2018/10/16,10:25,2,NNW_3.7,1.5,35.1406,140.29003,22.5,34,1000,1,116,Q974611,Miya,13.5,14.52183333
S311,BP29,St03,Kominato,BP29-St03-Kominato,2018/10/16,11:05,2,NW_2.0,1.5,35.11942,140.18447,23.7,34.3,1000,1,125,Q974611,Miya,26.1,0
S312,BP29,St04,Emi,BP29-St04-Emi,2018/10/16,12:00,1,NW_2.0,1.5,35.05773,140.07496,24.8,34.1,1000,1,120,Q974611,Miya,43.1,1.159666667
S313,BP29,St05,Chikura,BP29-St05-Chikura,2018/10/16,13:30,2,NW_2.0,1.5,34.94295,139.96462,23.2,33.7,1000,2,95,Q974611,Miya,62.5,2.477
S314,BP29,St06,Mera,BP29-St06-Mera,2018/10/16,14:25,2,NW_2.0,1.5,34.9108,139.82433,23.3,33.9,1000,1,103,Q974611,Miya,79,0
S315,BP29,St07,Banda,BP29-St07-Banda,2018/10/16,15:10,2,NNE_1.8,1.5,34.97576,139.76748,22.8,33.6,1000,2,110,Q974611,Miya,91.3,20.03833333
S316,BP29,St08,Taibusa,BP29-St08-Taibusa,2018/10/17,7:50,2,NNE_1.8,2,35.03517,139.81627,23.8,32.8,1000,1,95,Q974611,Miya,110.7,38.69833333
S317,BP29,St09,Nishigasaki,BP29-St09-Nishigasaki,2018/10/17,8:40,2,NNE_1.8,2,35.1021,139.82528,21.4,33.3,1000,1,105,Q974611,Miya,124.5,4.291833333
S318,BP29,St10,Myogane,BP29-St10-Myogane,2018/10/17,9:25,2,NNE_1.8,2,35.1548,139.81806,22.2,32.8,1000,1,114,Q974611,Miya,132.5,25.94333333
S319,BP29,St11,Tsuhama,BP29-St11-Tsuhama,2018/10/17,10:00,1,ENE_2.6,2,35.20642,139.83721,22.5,32,1000,1,118,Q974611,Miya,139.5,60.52
S320,BP30,St01,Isumi,BP30-St01-Isumi,2018/10/31,7:45,2,NNW_3.2,1.3,35.20269,140.3936,19.3,31.7,600,3,110,822494,Miya,0,13.19233333
S321,BP30,St02,Katsuura,BP30-St02-Katuura,2018/10/31,8:35,2,NNW_3.2,1.3,35.1406,140.29009,20.3,32.2,1000,1,115,822494,Miya,13.5,7.253
S322,BP30,St03,Kominato,BP30-St03-Kominato,2018/10/31,9:15,2,W_1.8,1.3,35.11944,140.18456,20.6,31.8,1000,1,110,822494,Miya,26.1,13.28116667
S323,BP30,St04,Emi,BP30-St04-Emi,2018/10/31,10:15,2,W_1.8,1.3,35.0577,140.07492,20,32.3,1000,1,115,822494,Miya,43.1,9.659
S324,BP30,St05,Chikura,BP30-St05-Chikura,2018/10/31,11:10,1,W_1.8,1.3,34.94295,139.9646,19.8,32.2,1000,1,110,822494,Miya,62.5,8.188333333
S325,BP30,St06,Mera,BP30-St06-Mera,2018/10/31,12:05,1,W_1.8,1.3,34.91089,139.82442,21,32.2,1000,1,107,822494,Miya,79,6.238333333
S326,BP30,St07,Banda,BP30-St07-Banda,2018/10/31,12:55,2,WNW_1.8,1.3,34.97578,139.76749,21.3,32.3,1000,2,130,822494,Miya,91.3,62.01166667
S327,BP30,St08,Taibusa,BP30-St08-Taibusa,2018/11/01,6:30,1,WNW_1.8,1,35.03524,139.81628,19.4,31.6,1000,1,70,822494,Miya,110.7,16.83833333
S328,BP30,St09,Nishigasaki,BP30-St09-Nishigasaki,2018/11/01,7:25,1,WNW_1.8,1,35.10219,139.82511,20.5,32.3,1000,1,85,822494,Miya,124.5,20.07166667
S329,BP30,St10,Myogane,BP30-St10-Myogane,2018/11/01,8:10,1,WNW_1.8,1,35.15478,139.81809,20.7,32,1000,1,90,822494,Miya,132.5,3.025833333
S330,BP30,St11,Tsuhama,BP30-St11-Tsuhama,2018/11/01,8:50,2,ESE_2.6,1,35.2064,139.83719,19.1,32,1000,2,105,822494,Miya,139.5,22.065
S331,BP31,St01,Isumi,BP31-St01-Isumi,2018/11/12,9:13,2,WNW_1.8,1.9,35.2035,140.3929,19.6,30.3,500,3,105,Q974611,Gotoh,0,31.21666667
S332,BP31,St02,Katsuura,BP31-St02-Katuura,2018/11/12,10:11,2,WNW_1.8,1.9,35.141,140.29,21.1,30.5,1000,2,120,Q974611,Gotoh,13.5,14.63833333
S333,BP31,St03,Kominato,BP31-St03-Kominato,2018/11/12,10:59,2,WNW_1.5,1.9,35.1195,140.1847,22.7,30.7,1000,1,110,Q974611,Gotoh,26.1,1.871666667
S334,BP31,St04,Emi,BP31-St04-Emi,2018/11/12,11:53,2,WNW_1.5,1.9,35.0577,140.075,22.9,32.2,1000,1,113,Q974611,Gotoh,43.1,3.907666667
S335,BP31,St05,Chikura,BP31-St05-Chikura,2018/11/12,13:06,1,WNW_1.5,1.9,34.943,139.9643,23.5,32,1000,1,110,Q974611,Gotoh,62.5,3.5385
S336,BP31,St06,Mera,BP31-St06-Mera,2018/11/12,13:56,1,WNW_1.5,1.9,34.9108,139.8245,22.9,32.5,1000,1,98,Q974611,Gotoh,79,0
S337,BP31,St07,Banda,BP31-St07-Banda,2018/11/12,14:44,1,NNW_1.6,1.9,34.9758,139.7678,22.2,32.1,1000,1,110,Q974611,Gotoh,91.3,27.68166667
S338,BP31,St08,Taibusa,BP31-St08-Taibusa,2018/11/13,8:09,2,NNW_1.6,1.9,35.0352,139.8163,20.8,29.9,1000,1,135,Q974611,Gotoh,110.7,30.38166667
S339,BP31,St09,Nishigasaki,BP31-St09-Nishigasaki,2018/11/13,8:59,2,NNW_1.6,1.9,35.1021,139.8253,20.2,30.3,1000,1,138,Q974611,Gotoh,124.5,85.90833333
S340,BP31,St10,Myogane,BP31-St10-Myogane,2018/11/13,9:37,2,NNW_1.6,1.9,35.1548,139.8181,20.6,30.4,1000,1,135,Q974611,Gotoh,132.5,12.78
S341,BP31,St11,Tsuhama,BP31-St11-Tsuhama,2018/11/13,10:14,2,ENE_3.0,1.9,35.2064,139.8372,19.5,29.8,1000,1,130,Q974611,Gotoh,139.5,159.1633333
S342,BP32,St01,Isumi,BP32-St01-Isumi,2018/11/29,7:50,2,NNE_3.7,2.4,35.20358,140.39284,17.5,31,500,3,115,822494,Miya,0,12.68666667
S343,BP32,St02,Katsuura,BP32-St02-Katuura,2018/11/29,8:40,1,NNE_3.7,2.4,35.14057,140.29014,18.5,32,1000,1,125,822494,Miya,13.5,8.1255
S344,BP32,St03,Kominato,BP32-St03-Kominato,2018/11/29,9:25,1,NE_2.3,2.4,35.11943,140.18455,19.1,32.3,1000,1,122,822494,Miya,26.1,2.796333333
S345,BP32,St04,Emi,BP32-St04-Emi,2018/11/29,10:25,2,NE_2.3,2.4,35.05769,140.07492,19.9,32.5,1000,1,122,822494,Miya,43.1,2.411666667
S346,BP32,St05,Chikura,BP32-St05-Chikura,2018/11/29,11:30,2,NE_2.3,2.4,34.94294,139.96458,19.2,31.4,1000,1,110,822494,Miya,62.5,1.944833333
S347,BP32,St06,Mera,BP32-St06-Mera,2018/11/29,12:20,1,NE_2.3,2.4,34.91085,139.82425,19.8,32.5,1000,1,115,822494,Miya,79,0
S348,BP32,St07,Banda,BP32-St07-Banda,2018/11/29,13:10,1,NNE_2.7,2.4,34.97578,139.76749,19.8,32.5,1000,1,127,822494,Miya,91.3,22.4445
S349,BP32,St08,Taibusa,BP32-St08-Taibusa,2018/11/30,7:05,1,NNE_2.7,1.8,35.03515,139.81627,18.3,32.5,1000,1,88,822494,Miya,110.7,30.745
S350,BP32,St09,Nishigasaki,BP32-St09-Nishigasaki,2018/11/30,8:00,1,NNE_2.7,1.8,35.10221,139.82512,18.9,32.7,1000,1,105,822494,Miya,124.5,8.304
S351,BP32,St10,Myogane,BP32-St10-Myogane,2018/11/30,8:45,1,NNE_2.7,1.8,35.1548,139.81809,18.7,32.6,1000,1,117,822494,Miya,132.5,18.85516667
S352,BP32,St11,Tsuhama,BP32-St11-Tsuhama,2018/11/30,9:25,1,ESE_2.5,1.8,35.20637,139.83723,16,31.9,1000,1,127,822494,Miya,139.5,69.345
S353,BP33,St01,Isumi,BP33-St01-Isumi,2018/12/14,7:55,1,NNW_4.3,1.8,35.20271,140.39352,11.9,31.2,500,3,115,822494,Miya,0,4.537666667
S354,BP33,St02,Katsuura,BP33-St02-Katuura,2018/12/14,8:50,1,NNW_4.3,1.8,35.1406,140.29009,18.1,32.7,1000,1,123,822494,Miya,13.5,2.79
S355,BP33,St03,Kominato,BP33-St03-Kominato,2018/12/14,9:35,1,NNW_3.2,1.8,35.11938,140.18451,17.9,32.4,1000,1,136,822494,Miya,26.1,2.321666667
S356,BP33,St04,Emi,BP33-St04-Emi,2018/12/14,10:35,1,NNW_3.2,1.8,35.05773,140.07494,16.7,32.6,1000,1,135,822494,Miya,43.1,0
S357,BP33,St05,Chikura,BP33-St05-Chikura,2018/12/14,11:30,2,NNW_3.2,1.8,34.94296,139.96461,15.9,32.3,1000,1,115,822494,Miya,62.5,2.118333333
S358,BP33,St06,Mera,BP33-St06-Mera,2018/12/14,12:20,2,NNW_3.2,1.8,34.91087,139.82424,17.4,32.5,1000,1,107,822494,Miya,79,0
S359,BP33,St07,Banda,BP33-St07-Banda,2018/12/14,13:15,2,N_4.5,1.8,34.9757,139.76757,18.9,32.6,1000,1,107,822494,Miya,91.3,100.4166667
S360,BP33,St08,Taibusa,BP33-St08-Taibusa,2018/12/15,6:55,1,N_4.5,2.3,35.03553,139.81562,17.3,32.8,1000,1,90,822494,Miya,110.7,11.01983333
S361,BP33,St09,Nishigasaki,BP33-St09-Nishigasaki,2018/12/15,7:45,1,N_4.5,2.3,35.10226,139.82589,15.5,32.7,1000,1,105,822494,Miya,124.5,2.885333333
S362,BP33,St10,Myogane,BP33-St10-Myogane,2018/12/15,8:30,1,N_4.5,2.3,35.15481,139.81807,17.8,33,1000,1,115,822494,Miya,132.5,16.56
S363,BP33,St11,Tsuhama,BP33-St11-Tsuhama,2018/12/15,9:10,1,N_3.3,2.3,35.20637,139.81807,11.9,31.4,1000,2,122,822494,Miya,139.5,18.93666667
S364,BP34,St01,Isumi,BP34-St01-Isumi,2018/12/28,7:55,2,NNW_4.8,1.9,35.20273,140.39364,16.2,32.5,1000,2,125,822494,Miya,0,9.5105
S365,BP34,St02,Katsuura,BP34-St02-Katuura,2018/12/28,8:45,1,NNW_4.8,1.9,35.14062,140.29004,15.9,32.6,1000,1,132,822494,Miya,13.5,8.588333333
S366,BP34,St03,Kominato,BP34-St03-Kominato,2018/12/28,9:30,2,NNW_2.7,1.9,35.11939,140.1845,17.4,32.5,1000,1,130,822494,Miya,26.1,4.766666667
S367,BP34,St04,Emi,BP34-St04-Emi,2018/12/28,10:30,2,NNW_2.7,1.9,35.05772,140.07494,17.2,32.9,1000,1,125,822494,Miya,43.1,2.71
S368,BP34,St05,Chikura,BP34-St05-Chikura,2018/12/28,11:50,2,NNW_2.7,1.9,34.94294,139.96461,16.4,32.9,1000,1,100,822494,Miya,62.5,0
S369,BP34,St06,Mera,BP34-St06-Mera,2018/12/28,12:50,2,NNW_2.7,1.9,34.91088,139.82428,17.2,32.8,1000,1,95,822494,Miya,79,1.455
S370,BP34,St07,Banda,BP34-St07-Banda,2018/12/28,13:45,2,WNW_4.0,1.9,34.97579,139.76757,16,33,1000,1,105,822494,Miya,91.3,5.718333333
S371,BP34,St08,Taibusa,BP34-St08-Taibusa,2018/12/29,7:05,1,WNW_4.0,1.2,35.03553,139.81561,16.8,33.1,1000,1,105,822494,Miya,110.7,14.8
S372,BP34,St09,Nishigasaki,BP34-St09-Nishigasaki,2018/12/29,8:05,1,WNW_4.0,1.2,35.1022,139.82511,16.1,32.7,1000,1,122,822494,Miya,124.5,8.594833333
S373,BP34,St10,Myogane,BP34-St10-Myogane,2018/12/29,8:55,1,WNW_4.0,1.2,35.15496,139.81821,16.8,32.7,1000,1,135,822494,Miya,132.5,5.390833333
S374,BP34,St11,Tsuhama,BP34-St11-Tsuhama,2018/12/29,9:35,1,N_3.2,1.2,35.20641,139.83719,11.8,32.8,1000,2,137,822494,Miya,139.5,18.94166667
S375,BP35,St01,Isumi,BP35-St01-Isumi,2019/01/14,7:45,1,NNE_3.6,2.1,35.20267,140.39357,12,32.9,1000,2,107,822494,Miya,0,0
S376,BP35,St02,Katsuura,BP35-St02-Katuura,2019/01/14,8:35,1,NNE_3.6,2.1,35.14052,140.29021,14.5,32.3,1000,1,115,822494,Miya,13.5,1.0235
S377,BP35,St03,Kominato,BP35-St03-Kominato,2019/01/14,9:25,1,NE_2.3,2.1,35.11938,140.18447,15.5,32.4,1000,1,132,822494,Miya,26.1,0
S378,BP35,St04,Emi,BP35-St04-Emi,2019/01/14,10:20,1,NE_2.3,2.1,35.05769,140.07492,15.9,32.9,1000,1,130,822494,Miya,43.1,0
S379,BP35,St05,Chikura,BP35-St05-Chikura,2019/01/14,11:40,1,NE_2.3,2.1,34.94299,139.96458,15.6,33,1000,2,115,822494,Miya,62.5,0
S380,BP35,St06,Mera,BP35-St06-Mera,2019/01/14,12:35,1,NE_2.3,2.1,34.91087,139.82425,15.8,32.9,1000,1,100,822494,Miya,79,0
S381,BP35,St07,Banda,BP35-St07-Banda,2019/01/14,13:25,1,N_2.3,2.1,34.97578,139.76753,16.6,33.1,1000,1,105,822494,Miya,91.3,0
S382,BP35,St08,Taibusa,BP35-St08-Taibusa,2019/01/15,6:50,1,N_2.3,2.5,35.03516,139.81625,15.9,32.8,1000,1,97,822494,Miya,110.7,15.09333333
S383,BP35,St09,Nishigasaki,BP35-St09-Nishigasaki,2019/01/15,7:45,1,N_2.3,2.5,35.1022,139.82511,16.4,33.2,1000,1,108,822494,Miya,124.5,2.795
S384,BP35,St10,Myogane,BP35-St10-Myogane,2019/01/15,8:30,2,N_2.3,2.5,35.15481,139.81808,16.1,33.1,1000,1,112,822494,Miya,132.5,0
S385,BP35,St11,Tsuhama,BP35-St11-Tsuhama,2019/01/15,9:10,2,SW_2.3,2.5,35.20639,139.83719,15.1,33,1000,1,120,822494,Miya,139.5,40.37
S386,BP36,St01,Isumi,BP36-St01-Isumi,2019/01/31,9:45,3,W_3.6,2.4,35.2027,140.39356,11.6,33.4,600,3,103,822494,Miya,0,3.336166667
S387,BP36,St02,Katsuura,BP36-St02-Katuura,2019/01/31,9:00,3,W_3.6,2.4,35.14065,140.29027,13.3,33.3,1000,1,98,822494,Miya,13.5,6.540166667
S388,BP36,St03,Kominato,BP36-St03-Kominato,2019/01/31,8:15,3,WSW_2.1,2.4,35.11939,140.1845,14.4,33.2,1000,1,105,822494,Miya,26.1,1.896666667
S389,BP36,St04,Emi,BP36-St04-Emi,2019/01/31,7:20,2,WSW_2.1,2.4,35.05771,140.07497,13.7,33.2,1000,1,102,822494,Miya,43.1,0
S390,BP36,St05,Chikura,BP36-St05-Chikura,2019/01/31,6:25,2,WSW_2.1,2.4,34.94294,139.96461,13.1,33.2,1000,1,92,822494,Miya,62.5,3.826166667
S391,BP36,St06,Mera,BP36-St06-Mera,2019/01/30,15:35,1,WSW_2.1,2.2,34.91084,139.82427,15.2,33.1,1000,1,75,822494,Miya,79,0
S392,BP36,St07,Banda,BP36-St07-Banda,2019/01/30,14:50,1,WSW_1.9,2.2,34.9758,139.76749,16,33.1,1000,1,107,822494,Miya,91.3,16.31333333
S393,BP36,St08,Taibusa,BP36-St08-Taibusa,2019/01/30,13:50,1,WSW_1.9,2.2,35.03535,139.81645,15.5,32.7,1000,1,115,822494,Miya,110.7,142.585
S394,BP36,St09,Nishigasaki,BP36-St09-Nishigasaki,2019/01/30,13:00,2,WSW_1.9,2.2,35.1027,139.8251,15.7,33,1000,1,127,822494,Miya,124.5,1.2575
S395,BP36,St10,Myogane,BP36-St10-Myogane,2019/01/30,12:20,2,WSW_1.9,2.2,35.15481,139.81807,15.5,33,1000,1,130,822494,Miya,132.5,3.9335
S396,BP36,St11,Tsuhama,BP36-St11-Tsuhama,2019/01/30,11:05,2,WSW_1.6,2.2,35.20639,139.83719,9.9,32.3,1000,1,134,822494,Miya,139.5,26.23166667
S397,BP37,St01,Isumi,BP37-St01-Isumi,2019/02/14,8:00,2,NNW_3.5,2.3,35.20271,140.39364,13.1,33,1000,1,105,822494,Miya,0,23.84166667
S398,BP37,St02,Katsuura,BP37-St02-Katuura,2019/02/14,8:50,2,NNW_3.5,2.3,35.14055,140.29024,13.2,33.4,1000,1,112,822494,Miya,13.5,5.716666667
S399,BP37,St03,Kominato,BP37-St03-Kominato,2019/02/14,9:30,2,NNW_4.1,2.3,35.11939,140.1845,13,32.8,1000,1,124,822494,Miya,26.1,1.926666667
S400,BP37,St04,Emi,BP37-St04-Emi,2019/02/14,10:30,2,NNW_4.1,2.3,35.05776,140.07499,13.2,33.3,1000,1,124,822494,Miya,43.1,0
S401,BP37,St05,Chikura,BP37-St05-Chikura,2019/02/14,11:45,2,NNW_4.1,2.3,34.94297,139.96462,12.9,33.3,1000,1,118,822494,Miya,62.5,3.2935
S402,BP37,St06,Mera,BP37-St06-Mera,2019/02/14,12:35,2,NNW_4.1,2.3,34.91084,139.82425,14.8,33.2,1000,1,105,822494,Miya,79,0
S403,BP37,St07,Banda,BP37-St07-Banda,2019/02/14,13:30,2,NNE_2.7,2.3,34.97575,139.76748,13.8,32.6,1000,1,110,822494,Miya,91.3,20.23333333
S404,BP37,St08,Taibusa,BP37-St08-Taibusa,2019/02/15,6:25,2,SW_2.3,1.7,35.03509,139.8162,15.7,33.2,1000,1,111,822494,Miya,110.7,3.585
S405,BP37,St09,Nishigasaki,BP37-St09-Nishigasaki,2019/02/15,7:20,2,SW_2.3,1.7,35.10221,139.8251,15.2,33.2,1000,1,110,822494,Miya,124.5,10.3625
S406,BP37,St10,Myogane,BP37-St10-Myogane,2019/02/15,8:10,2,SW_2.3,1.7,35.15469,139.81813,15.4,33.3,1000,1,111,822494,Miya,132.5,5.752666667
S407,BP37,St11,Tsuhama,BP37-St11-Tsuhama,2019/02/15,8:50,2,ESE_1.7,1.7,35.20639,139.83772,11.3,33.3,1000,1,113,822494,Miya,139.5,6.195666667
S408,BP38,St01,Isumi,BP38-St01-Isumi,2019/02/27,7:45,1,NNW_3.9,1.9,35.20266,140.39363,13.3,32.8,800,2,115,822494,Miya,0,10.27683333
S409,BP38,St02,Katsuura,BP38-St02-Katuura,2019/02/27,8:35,2,NNW_3.9,1.9,35.14052,140.29014,14.1,32.9,1000,2,117,822494,Miya,13.5,0
S410,BP38,St03,Kominato,BP38-St03-Kominato,2019/02/27,9:20,2,NNW_2.2,1.9,35.11941,140.18452,14.2,33.3,1000,1,129,822494,Miya,26.1,3.193
S411,BP38,St04,Emi,BP38-St04-Emi,2019/02/27,10:15,2,NNW_2.2,1.9,35.05773,140.07495,14.5,33.3,1000,1,128,822494,Miya,43.1,4.018333333
S412,BP38,St05,Chikura,BP38-St05-Chikura,2019/02/27,11:30,2,NNW_2.2,1.9,34.94294,139.96467,14.2,33.2,1000,1,105,822494,Miya,62.5,7.165833333
S413,BP38,St06,Mera,BP38-St06-Mera,2019/02/27,12:30,2,NNW_2.2,1.9,34.91083,139.82423,14.7,31.4,1000,1,85,822494,Miya,79,0.981333333
S414,BP38,St07,Banda,BP38-St07-Banda,2019/02/27,13:15,2,NE_2.4,1.9,34.97579,139.76751,14.6,33.1,1000,1,100,822494,Miya,91.3,9.521666667
S415,BP38,St08,Taibusa,BP38-St08-Taibusa,2019/02/28,6:20,3,NW_2.1,2.9,35.03525,139.81625,14.2,33.1,1000,1,114,822494,Miya,110.7,20.49883333
S416,BP38,St09,Nishigasaki,BP38-St09-Nishigasaki,2019/02/28,7:10,3,NW_2.1,2.9,35.10219,139.82511,14.5,33.3,1000,1,119,822494,Miya,124.5,8.184333333
S417,BP38,St10,Myogane,BP38-St10-Myogane,2019/02/28,7:50,3,NW_2.1,2.9,35.1548,139.8181,14.6,33.3,1000,1,125,822494,Miya,132.5,19.5605
S418,BP38,St11,Tsuhama,BP38-St11-Tsuhama,2019/02/28,8:30,3,N_2.4,2.9,35.20633,139.83728,12,32.8,1000,1,128,822494,Miya,139.5,11.35716667
S419,BP39,St01,Isumi,BP39-St01-Isumi,2019/03/15,7:45,1,SSW_3.8,1.1,35.20272,140.39363,13,33.2,1000,2,108,822494,Miya,0,17.6485
S420,BP39,St02,Katsuura,BP39-St02-Katuura,2019/03/15,8:40,1,SSW_3.8,1.1,35.1406,140.29006,13.5,33.2,1000,1,111,822494,Miya,13.5,18.5345
S421,BP39,St03,Kominato,BP39-St03-Kominato,2019/03/15,9:25,1,WSW_2.0,1.1,35.11938,140.1845,14.7,NA,1000,1,121,822494,Miya,26.1,0
S422,BP39,St04,Emi,BP39-St04-Emi,2019/03/15,10:30,1,WSW_2.0,1.1,35.05776,140.075,14.6,33.2,1000,1,115,822494,Miya,43.1,1.8445
S423,BP39,St05,Chikura,BP39-St05-Chikura,2019/03/15,11:45,1,WSW_2.0,1.1,34.94293,139.96467,14.2,33.2,1000,1,110,822494,Miya,62.5,0
S424,BP39,St06,Mera,BP39-St06-Mera,2019/03/15,12:50,1,WSW_2.0,1.1,34.91084,139.82424,14.7,33.2,1000,1,80,822494,Miya,79,0
S425,BP39,St07,Banda,BP39-St07-Banda,2019/03/15,13:40,1,S_2.7,1.1,34.97579,139.7675,16.7,33.2,1000,1,115,822494,Miya,91.3,39.66166667
S426,BP39,St08,Taibusa,BP39-St08-Taibusa,2019/03/16,6:00,2,NNE_2.5,1,35.03519,139.81625,15.9,33.1,1000,1,115,822494,Miya,110.7,22.7085
S427,BP39,St09,Nishigasaki,BP39-St09-Nishigasaki,2019/03/16,6:55,2,NNE_2.5,1,35.10218,139.82512,15.7,33.1,1000,1,113,822494,Miya,124.5,70.7
S428,BP39,St10,Myogane,BP39-St10-Myogane,2019/03/16,7:35,2,NNE_2.5,1,35.1548,139.81807,14.4,32.6,1000,1,112,822494,Miya,132.5,48.95333333
S429,BP39,St11,Tsuhama,BP39-St11-Tsuhama,2019/03/16,8:10,3,NNE_2.1,1,35.2064,139.83721,13.7,32.6,1000,1,112,822494,Miya,139.5,136.9333333
S430,BP40,St01,Isumi,BP40-St01-Isumi,2019/03/28,7:40,2,W_4.9,2.4,35.20273,140.39363,14.9,31.9,700,3,114,847702,Miya,0,20.588
S431,BP40,St02,Katsuura,BP40-St02-Katuura,2019/03/28,8:30,2,W_4.9,2.4,35.14062,140.29012,15,32.4,1000,2,113,847702,Miya,13.5,13.24716667
S432,BP40,St03,Kominato,BP40-St03-Kominato,2019/03/28,9:15,2,WSW_4.3,2.4,35.11947,140.18454,15.4,32.4,1000,1,127,847702,Miya,26.1,3.501333333
S433,BP40,St04,Emi,BP40-St04-Emi,2019/03/28,10:15,2,WSW_4.3,2.4,35.05777,140.07501,15.7,32.5,1000,1,120,847702,Miya,43.1,8.676333333
S434,BP40,St05,Chikura,BP40-St05-Chikura,2019/03/28,11:25,2,WSW_4.3,2.4,34.94295,139.96468,15.7,32.7,1000,1,90,847702,Miya,62.5,14.28466667
S435,BP40,St06,Mera,BP40-St06-Mera,2019/03/28,12:20,2,WSW_4.3,2.4,34.91084,139.82426,15.4,31.4,1000,2,70,847702,Miya,79,5.975666667
S436,BP40,St07,Banda,BP40-St07-Banda,2019/03/28,13:10,1,WSW_5.3,2.4,34.97578,139.7675,17,32.2,1000,1,80,847702,Miya,91.3,10.66333333
S437,BP40,St08,Taibusa,BP40-St08-Taibusa,2019/03/29,6:05,2,ENE_3.4,1.9,35.03526,139.81643,15.9,32.3,1000,1,118,847702,Miya,110.7,32.00833333
S438,BP40,St09,Nishigasaki,BP40-St09-Nishigasaki,2019/03/29,7:00,2,ENE_3.4,1.9,35.1022,139.82509,16,32.6,1000,1,122,847702,Miya,124.5,6.819333333
S439,BP40,St10,Myogane,BP40-St10-Myogane,2019/03/29,7:40,2,ENE_3.4,1.9,35.15481,139.8181,15.8,32.5,1000,1,125,847702,Miya,132.5,100.3683333
S440,BP40,St11,Tsuhama,BP40-St11-Tsuhama,2019/03/29,8:20,2,ENE_3.7,1.9,35.20641,139.83719,13.5,31.7,1000,1,126,847702,Miya,139.5,54.65666667
S441,BP41,St01,Isumi,BP41-St01-Isumi,2019/04/12,7:40,2,2.6_N,2.7,35.20432,140.3927,13.5,29.7,500,3,118,847702,Miya,0,7.549166667
S442,BP41,St02,Katsuura,BP41-St02-Katuura,2019/04/12,8:30,2,2.6_N,2.7,35.1406,140.29013,14.1,32,1000,3,115,847702,Miya,13.5,13.09266667
S443,BP41,St03,Kominato,BP41-St03-Kominato,2019/04/12,9:25,3,1.7_NNE,2.7,35.11941,140.1845,15.8,32.1,1000,1,116,847702,Miya,26.1,1.72
S444,BP41,St04,Emi,BP41-St04-Emi,2019/04/12,10:20,3,1.7_NNE,2.7,35.05774,140.07494,15.2,32.3,1000,2,100,847702,Miya,43.1,8.4535
S445,BP41,St05,Chikura,BP41-St05-Chikura,2019/04/12,11:30,3,1.7_NNE,2.7,34.94295,139.96467,14,32.3,700,3,90,847702,Miya,62.5,21.63666667
S446,BP41,St06,Mera,BP41-St06-Mera,2019/04/12,12:20,3,1.7_NNE,2.7,34.91085,139.82425,15,32.5,1000,1,50,847702,Miya,79,1.120833333
S447,BP41,St07,Banda,BP41-St07-Banda,2019/04/12,13:05,3,2.8_N,2.7,34.97578,139.76752,14.1,32.2,1000,1,70,847702,Miya,91.3,17.30166667
S448,BP41,St08,Taibusa,BP41-St08-Taibusa,2019/04/13,5:20,1,2.5_NW,1.8,35.03521,139.81636,15.4,32.3,1000,1,116,847702,Miya,110.7,43.95633333
S449,BP41,St09,Nishigasaki,BP41-St09-Nishigasaki,2019/04/13,6:15,1,2.5_NW,1.8,35.10206,139.825,14.9,32.6,1000,1,117,847702,Miya,124.5,10.11683333
S450,BP41,St10,Myogane,BP41-St10-Myogane,2019/04/13,7:00,1,2.5_NW,1.8,35.15481,139.81809,15.1,32.5,1000,1,118,847702,Miya,132.5,97.87333333
S451,BP41,St11,Tsuhama,BP41-St11-Tsuhama,2019/04/13,7:40,1,2.4_NNE,1.8,35.20639,139.83721,13.5,31.7,1000,2,120,847702,Miya,139.5,72.04
S452,BP42,St01,Isumi,BP42-St01-Isumi,2019/04/26,7:45,3,4.4_NNE,2,35.20407,140.39279,13.6,31.8,1000,2,114,847702,Miya,0,10.77583333
S453,BP42,St02,Katsuura,BP42-St02-Katuura,2019/04/26,8:35,3,4.4_NNE,2,35.14059,140.29004,16.7,31.9,1000,1,112,847702,Miya,13.5,54.765
S454,BP42,St03,Kominato,BP42-St03-Kominato,2019/04/26,9:20,3,1.6_NNW,2,35.11939,140.18452,15.4,31.5,1000,1,121,847702,Miya,26.1,9.234666667
S455,BP42,St04,Emi,BP42-St04-Emi,2019/04/26,10:00,3,1.6_NNW,2,35.05776,140.075,15.7,31.1,1000,1,115,847702,Miya,43.1,10.95
S456,BP42,St05,Chikura,BP42-St05-Chikura,2019/04/26,11:25,2,1.6_NNW,2,34.94294,139.96483,16.3,31.9,1000,1,70,847702,Miya,62.5,38.20666667
S457,BP42,St06,Mera,BP42-St06-Mera,2019/04/26,12:15,2,1.6_NNW,2,34.91084,139.82425,16.9,32.3,1000,1,55,847702,Miya,79,0.691333333
S458,BP42,St07,Banda,BP42-St07-Banda,2019/04/26,13:00,3,3.0_E,2,34.97578,139.76752,17.1,31.1,1000,2,65,847702,Miya,91.3,21.435
S459,BP42,St08,Taibusa,BP42-St08-Taibusa,2019/04/27,6:35,2,3.3_NNE,2.5,35.03505,139.81625,17.3,32.3,1000,1,122,847702,Miya,110.7,35.73333333
S460,BP42,St09,Nishigasaki,BP42-St09-Nishigasaki,2019/04/27,7:30,2,3.3_NNE,2.5,35.10219,139.82511,16.8,32.3,1000,1,123,847702,Miya,124.5,26.01166667
S461,BP42,St10,Myogane,BP42-St10-Myogane,2019/04/27,8:30,2,3.3_NNE,2.5,35.1548,139.81809,16.7,32.4,1000,1,123,847702,Miya,132.5,481.0333333
S462,BP42,St11,Tsuhama,BP42-St11-Tsuhama,2019/04/27,9:10,2,3.2_ENE,2.5,35.20566,139.83595,16.2,31.8,1000,2,122,847702,Miya,139.5,46.50166667
S463,BP43,St01,Isumi,BP43-St01-Isumi,2019/05/12,7:40,2,3.8_NNE,1.4,35.20272,140.39363,14.4,32.1,1000,1,108,847702,Miya,0,43.30166667
S464,BP43,St02,Katsuura,BP43-St02-Katuura,2019/05/12,8:35,2,3.8_NNE,1.4,35.14065,140.2901,17.9,32,1000,1,111,847702,Miya,13.5,30.59833333
S465,BP43,St03,Kominato,BP43-St03-Kominato,2019/05/12,9:35,2,2.3_ENE,1.4,35.11939,140.18451,17.2,32,1000,1,108,847702,Miya,26.1,1.1745
S466,BP43,St04,Emi,BP43-St04-Emi,2019/05/12,10:40,1,2.3_ENE,1.4,35.05777,140.075,19.1,32,1000,1,100,847702,Miya,43.1,7.896666667
S467,BP43,St05,Chikura,BP43-St05-Chikura,2019/05/12,11:50,1,2.3_ENE,1.4,34.94293,139.96496,17.2,32.1,1000,1,90,847702,Miya,62.5,16.32416667
S468,BP43,St06,Mera,BP43-St06-Mera,2019/05/12,12:55,1,2.3_ENE,1.4,34.91051,139.82437,19.4,32.2,1000,1,65,847702,Miya,79,9.425
S469,BP43,St07,Banda,BP43-St07-Banda,2019/05/12,13:45,1,3.4_E,1.4,34.9758,139.76751,19.2,32.3,1000,1,75,847702,Miya,91.3,16.35333333
S470,BP43,St08,Taibusa,BP43-St08-Taibusa,2019/05/13,5:30,2,3.0_ESE,1.3,35.03516,139.81628,19,32.2,1000,1,105,847702,Miya,110.7,30.09883333
S471,BP43,St09,Nishigasaki,BP43-St09-Nishigasaki,2019/05/13,6:35,2,3.0_ESE,1.3,35.1022,139.82509,18.6,32.3,1000,1,102,847702,Miya,124.5,38.28333333
S472,BP43,St10,Myogane,BP43-St10-Myogane,2019/05/13,7:15,2,3.0_ESE,1.3,35.15479,139.81807,18.2,32.2,1000,1,100,847702,Miya,132.5,142.7033333
S473,BP43,St11,Tsuhama,BP43-St11-Tsuhama,2019/05/13,7:55,2,2.4_SE,1.3,35.20566,139.83596,18.1,31.6,1000,2,102,847702,Miya,139.5,84.37833333
S474,BP44,St01,Isumi,BP44-St01-Isumi,2019/05/26,7:40,1,2.0_SSW,1.2,35.20271,140.39369,15.2,31.8,1000,1,107,847702,Miya,0,21.718
S475,BP44,St02,Katsuura,BP44-St02-Katuura,2019/05/26,9:10,1,2.0_SSW,1.2,35.14057,140.29005,21.4,32,1000,1,106,847702,Miya,13.5,14.01166667
S476,BP44,St03,Kominato,BP44-St03-Kominato,2019/05/26,10:40,1,2.0_WNW,1.2,35.11947,140.18501,20.4,31.9,1000,1,108,847702,Miya,26.1,12.395
S477,BP44,St04,Emi,BP44-St04-Emi,2019/05/26,12:25,1,2.0_WNW,1.2,35.05682,140.07443,21.4,32.3,1000,1,81,847702,Miya,43.1,20.35833333
S478,BP44,St05,Chikura,BP44-St05-Chikura,2019/05/26,13:30,1,2.0_WNW,1.2,34.943,139.9652,19.2,31.8,1000,1,50,847702,Miya,62.5,0
S479,BP44,St06,Mera,BP44-St06-Mera,2019/05/26,14:25,1,2.0_WNW,1.2,34.91082,139.8242,20.3,32.4,1000,1,42,847702,Miya,79,0.8095
S480,BP44,St07,Banda,BP44-St07-Banda,2019/05/27,4:35,1,2.1_SW,1.1,34.97577,139.76748,19.8,31.8,1000,1,100,847702,Miya,91.3,79.895
S481,BP44,St08,Taibusa,BP44-St08-Taibusa,2019/05/27,6:05,1,3.0_WSW,1.1,35.03517,139.81626,20.4,32,1000,1,103,847702,Miya,110.7,62.23833333
S482,BP44,St09,Nishigasaki,BP44-St09-Nishigasaki,2019/05/27,7:25,1,3.0_WSW,1.1,35.10221,139.82509,21.3,31.7,1000,1,107,847702,Miya,124.5,8.556833333
S483,BP44,St10,Myogane,BP44-St10-Myogane,2019/05/27,8:25,1,3.0_WSW,1.1,35.15479,139.81795,21.4,30.5,1000,2,110,847702,Miya,132.5,49.24666667
S484,BP44,St11,Tsuhama,BP44-St11-Tsuhama,2019/05/27,9:20,1,2.3_SSW,1.1,35.20568,139.83597,22.2,29.7,1000,2,111,847702,Miya,139.5,50.40833333
S485,BP45,St01,Isumi,BP45-St01-Isumi,2019/06/09,7:45,3,4.7_NNE,2.7,35.20568,140.39367,17,31,500,3,126,847702,Miya,0,14.14766667
S486,BP45,St02,Katsuura,BP45-St02-Katuura,2019/06/09,8:30,2,4.7_NNE,2.7,35.14076,140.29005,17.6,31.3,1000,1,124,847702,Miya,13.5,18.41483333
S487,BP45,St03,Kominato,BP45-St03-Kominato,2019/06/09,9:15,2,2.4_NE,2.7,35.11952,140.18477,17.1,31.7,1000,1,112,847702,Miya,26.1,7.4545
S488,BP45,St04,Emi,BP45-St04-Emi,2019/06/09,10:05,2,2.4_NE,2.7,35.05776,140.075,18,31.8,1000,1,100,847702,Miya,43.1,23.67816667
S489,BP45,St05,Chikura,BP45-St05-Chikura,2019/06/09,11:25,2,2.4_NE,2.7,34.94296,139.96511,18,31.3,1000,1,76,847702,Miya,62.5,1.954666667
S490,BP45,St06,Mera,BP45-St06-Mera,2019/06/09,12:25,2,3.0_N,2.7,34.91035,139.82504,20.7,31.4,1000,1,54,847702,Miya,79,15.19166667
S491,BP45,St07,Banda,BP45-St07-Banda,2019/06/09,13:30,2,2.7_ESE,2.7,34.97579,139.76748,20.3,31.6,1000,1,53,847702,Miya,91.3,7.406666667
S492,BP45,St08,Taibusa,BP45-St08-Taibusa,2019/06/10,5:35,3,2.1_E,2.9,35.03516,139.81626,20,31.4,1000,1,106,847702,Miya,110.7,5.530333333
S493,BP45,St09,Nishigasaki,BP45-St09-Nishigasaki,2019/06/10,6:25,3,2.1_E,2.9,35.10221,139.82511,19.4,31.7,1000,1,109,847702,Miya,124.5,44.34
S494,BP45,St10,Myogane,BP45-St10-Myogane,2019/06/10,7:10,3,2.1_E,2.9,35.15456,139.81821,19.4,31.8,1000,1,112,847702,Miya,132.5,17.32983333
S495,BP45,St11,Tsuhama,BP45-St11-Tsuhama,2019/06/10,7:50,3,4.5_NNE,2.9,35.20566,139.83597,19.3,29.9,700,3,116,847702,Miya,139.5,36.09333333
S496,BP46,St01,Isumi,BP46-St01-Isumi,2019/06/23,7:35,2,2.4_NNW,2.2,35.20269,140.39359,19.2,32.1,1000,2,122,847702,Miya,0,39.42166667
S497,BP46,St02,Katsuura,BP46-St02-Katuura,2019/06/23,8:25,2,2.4_NNW,2.2,35.14059,140.29011,20.2,32,1000,1,119,847702,Miya,13.5,30.22833333
S498,BP46,St03,Kominato,BP46-St03-Kominato,2019/06/23,9:10,2,1.4_WNW,2.2,35.11949,140.18492,19.7,31.4,1000,1,120,847702,Miya,26.1,25.53
S499,BP46,St04,Emi,BP46-St04-Emi,2019/06/23,10:00,2,1.4_WNW,2.2,35.05776,140.07498,20.6,32,1000,1,104,847702,Miya,43.1,4.356666667
S500,BP46,St05,Chikura,BP46-St05-Chikura,2019/06/23,11:10,3,1.4_WNW,2.2,34.94296,139.96511,19.4,32,1000,1,68,847702,Miya,62.5,5.371666667
S501,BP46,St06,Mera,BP46-St06-Mera,2019/06/23,12:10,2,1.4_WNW,2.2,34.91646,139.82295,21,31.3,1000,1,50,847702,Miya,79,0
S502,BP46,St07,Banda,BP46-St07-Banda,2019/06/23,12:55,2,2.1_NW,2.2,34.97577,139.76749,21.6,31.8,1000,1,48,847702,Miya,91.3,19.35166667
S503,BP46,St08,Taibusa,BP46-St08-Taibusa,2019/06/24,6:35,3,2.5_N,2,35.03519,139.81632,21.7,30.9,1000,1,118,847702,Miya,110.7,0
S504,BP46,St09,Nishigasaki,BP46-St09-Nishigasaki,2019/06/24,7:25,3,2.5_N,2,35.1022,139.82513,21.3,31.7,1000,1,123,847702,Miya,124.5,6.276666667
S505,BP46,St10,Myogane,BP46-St10-Myogane,2019/06/24,8:10,3,2.5_N,2,35.15454,139.8182,21.3,31.7,1000,1,124,847702,Miya,132.5,6.765333333
S506,BP46,St11,Tsuhama,BP46-St11-Tsuhama,2019/06/24,8:45,3,2.8_NE,2,35.20564,139.83593,21.2,30.7,1000,2,123,847702,Miya,139.5,56.96333333
S507,BP47,St01,Isumi,BP47-St01-Isumi,2019/07/07,7:40,3,6.0_N,2.9,35.20502,140.39263,20.8,29.1,300,3,140,847702,Miya,0,5.721166667
S508,BP47,St02,Katsuura,BP47-St02-Katuura,2019/07/07,8:25,3,6.0_N,2.9,35.14062,140.28996,19.5,29.9,1000,2,133,847702,Miya,13.5,12.22966667
S509,BP47,St03,Kominato,BP47-St03-Kominato,2019/07/07,9:10,3,3.6_NNW,2.9,35.11951,140.18492,19.3,30.8,1000,1,110,847702,Miya,26.1,20.613
S510,BP47,St04,Emi,BP47-St04-Emi,2019/07/07,10:05,2,3.6_NNW,2.9,35.05777,140.07499,20.5,31.1,1000,1,86,847702,Miya,43.1,8.032
S511,BP47,St05,Chikura,BP47-St05-Chikura,2019/07/07,11:20,2,3.6_NNW,2.9,34.94295,139.96502,20.1,30,1000,1,51,847702,Miya,62.5,26.88816667
S512,BP47,St06,Mera,BP47-St06-Mera,2019/07/07,12:30,2,3.6_NNW,2.9,34.91672,139.82317,22.1,29,1000,1,28,847702,Miya,79,1.437
S513,BP47,St07,Banda,BP47-St07-Banda,2019/07/07,13:15,3,6.0_N,2.9,34.97577,139.76751,22,30,1000,3,29,847702,Miya,91.3,53.25833333
S514,BP47,St08,Taibusa,BP47-St08-Taibusa,2019/07/08,5:35,2,4.5_NNE,3.2,35.03516,139.81624,19.3,31.9,1000,1,119,847702,Miya,110.7,9.783666667
S515,BP47,St09,Nishigasaki,BP47-St09-Nishigasaki,2019/07/08,6:25,2,4.5_NNE,3.2,35.10221,139.82513,19,32.1,1000,1,126,847702,Miya,124.5,10.19483333
S516,BP47,St10,Myogane,BP47-St10-Myogane,2019/07/08,7:00,2,4.5_NNE,3.2,35.15008,139.81835,19.2,31.3,1000,1,130,847702,Miya,132.5,49.025
S517,BP47,St11,Tsuhama,BP47-St11-Tsuhama,2019/07/08,7:35,2,4.3_ENE,3.2,35.20551,139.83597,20.4,27.9,350,3,128,847702,Miya,139.5,21.945
S518,BP48,St01,Isumi,BP48-St01-Isumi,2019/07/24,6:40,1,1.8_E,1.7,35.20273,140.39355,22.5,30.5,500,3,104,847702,Miya,0,3.4805
S519,BP48,St02,Katsuura,BP48-St02-Katuura,2019/07/24,5:40,1,1.8_E,1.7,35.14067,140.29017,23.7,30.2,1000,2,93,847702,Miya,13.5,24.59333333
S520,BP48,St03,Kominato,BP48-St03-Kominato,2019/07/24,7:40,1,1.8_ESE,1.7,35.11951,140.18495,24.1,31.1,1000,1,122,847702,Miya,26.1,12.11166667
S521,BP48,St04,Emi,BP48-St04-Emi,2019/07/24,8:30,1,1.8_ESE,1.7,35.05777,140.07497,23.5,31.5,1000,1,123,847702,Miya,43.1,2.550666667
S522,BP48,St05,Chikura,BP48-St05-Chikura,2019/07/24,9:25,1,1.8_ESE,1.7,34.94295,139.9646,24.3,31.2,1000,2,114,847702,Miya,62.5,21.33166667
S523,BP48,St06,Mera,BP48-St06-Mera,2019/07/24,10:30,1,1.8_ESE,1.7,34.91647,139.82298,24.5,32,1000,1,105,847702,Miya,79,6.093166667
S524,BP48,St07,Banda,BP48-St07-Banda,2019/07/25,4:30,1,3.1_SSW,1.2,34.97579,139.7675,24.9,31.3,1000,1,75,847702,Miya,91.3,330.1666667
S525,BP48,St08,Taibusa,BP48-St08-Taibusa,2019/07/25,5:30,2,3.1_SSW,1.2,35.03516,139.81627,25,31.3,1000,1,75,847702,Miya,110.7,35.405
S526,BP48,St09,Nishigasaki,BP48-St09-Nishigasaki,2019/07/25,6:20,1,3.1_SSW,1.2,35.10219,139.82509,24.6,30.3,1000,1,80,847702,Miya,124.5,0
S527,BP48,St10,Myogane,BP48-St10-Myogane,2019/07/25,7:05,2,3.1_SSW,1.2,35.15512,139.8181,25,28.9,1000,1,85,847702,Miya,132.5,0
S528,BP48,St11,Tsuhama,BP48-St11-Tsuhama,2019/07/25,7:40,2,2.3_SSW,1.2,35.20566,139.83594,24.9,27.9,1000,1,92,847702,Miya,139.5,24.85833333
S529,BP49,St01,Isumi,BP49-St01-Isumi,2019/08/07,5:40,1,3.2_SSW,1.5,35.14062,140.29005,22.4,31.8,500,3,90,847702,Miya,0,18.57333333
S530,BP49,St02,Katsuura,BP49-St02-Katuura,2019/08/07,4:50,1,3.2_SSW,1.5,35.14053,140.29002,26,31,1000,2,80,847702,Miya,13.5,12.74333333
S531,BP49,St03,Kominato,BP49-St03-Kominato,2019/08/07,6:35,1,2.3_SW,1.5,35.11953,140.18494,24.9,31.5,1000,1,94,847702,Miya,26.1,1.873333333
S532,BP49,St04,Emi,BP49-St04-Emi,2019/08/07,7:30,1,2.3_SW,1.5,35.05777,140.07497,24.8,31.7,1000,2,105,847702,Miya,43.1,29.995
S533,BP49,St05,Chikura,BP49-St05-Chikura,2019/08/07,8:25,1,2.3_SW,1.5,34.94295,139.96461,25.4,31.8,1000,1,123,847702,Miya,62.5,23.54883333
S534,BP49,St06,Mera,BP49-St06-Mera,2019/08/07,9:25,1,2.3_SW,1.5,34.9165,139.82301,24.5,31.6,1000,1,124,847702,Miya,79,3.873333333
S535,BP49,St07,Banda,BP49-St07-Banda,2019/08/08,4:55,1,5.0_SW,1.8,34.97594,139.7679,26.3,31.5,1000,1,73,847702,Miya,91.3,51.64166667
S536,BP49,St08,Taibusa,BP49-St08-Taibusa,2019/08/08,5:55,1,5.0_SW,1.8,35.03517,139.81623,26.8,31.3,1000,1,74,847702,Miya,110.7,23.71933333
S537,BP49,St09,Nishigasaki,BP49-St09-Nishigasaki,2019/08/08,6:45,1,5.0_SW,1.8,35.10218,139.8251,26.5,31.5,1000,1,69,847702,Miya,124.5,6.72
S538,BP49,St10,Myogane,BP49-St10-Myogane,2019/08/08,7:25,1,5.0_SW,1.8,35.15456,139.81818,26.7,31.3,1000,1,64,847702,Miya,132.5,2.7455
S539,BP49,St11,Tsuhama,BP49-St11-Tsuhama,2019/08/08,8:00,1,2.8_SSW,1.8,35.20567,139.83595,26.7,30.8,1000,1,61,847702,Miya,139.5,64.465
S540,BP50,St01,Isumi,BP50-St01-Isumi,2019/08/22,6:10,2,2.3_SSW,1.2,35.20272,140.39363,23.8,31.5,1000,2,104,847702,Miya,0,27.69333333
S541,BP50,St02,Katsuura,BP50-St02-Katuura,2019/08/22,5:25,2,2.3_SSW,1.2,35.14062,140.29004,24.4,31.5,1000,1,99,847702,Miya,13.5,56.78833333
S542,BP50,St03,Kominato,BP50-St03-Kominato,2019/08/22,7:20,2,1.5_ESE,1.2,35.11954,140.18495,24.4,31.6,1000,1,126,847702,Miya,26.1,6.553666667
S543,BP50,St04,Emi,BP50-St04-Emi,2019/08/22,8:15,2,1.5_ESE,1.2,35.05776,140.07498,NA,NA,1000,1,128,847702,Miya,43.1,19.2015
S544,BP50,St05,Chikura,BP50-St05-Chikura,2019/08/22,10:30,2,1.5_ESE,1.2,34.94296,139.96466,27.6,NA,1000,1,103,847702,Miya,62.5,4.401
S545,BP50,St06,Mera,BP50-St06-Mera,2019/08/22,11:30,2,1.5_ESE,1.2,34.91643,139.82298,28.9,NA,1000,1,88,847702,Miya,79,2.575833333
S546,BP50,St07,Banda,BP50-St07-Banda,2019/08/22,12:15,1,2.5_SW,1.2,34.97598,139.76749,29.2,NA,1000,1,83,847702,Miya,91.3,15.85616667
S547,BP50,St08,Taibusa,BP50-St08-Taibusa,2019/08/23,5:05,2,6.0_SW,1.5,35.03526,139.81638,27.1,NA,1000,1,67,847702,Miya,110.7,8.871166667
S548,BP50,St09,Nishigasaki,BP50-St09-Nishigasaki,2019/08/23,5:55,2,6.0_SW,1.5,35.1022,139.82514,27.1,NA,1000,1,77,847702,Miya,124.5,4.695
S549,BP50,St10,Myogane,BP50-St10-Myogane,2019/08/23,6:30,2,6.0_SW,1.5,35.15568,139.81826,27.4,NA,1000,2,82,847702,Miya,132.5,10.54333333
S550,BP50,St11,Tsuhama,BP50-St11-Tsuhama,2019/08/23,7:00,1,3.7_SW,1.5,35.20442,139.83442,27.4,NA,650,3,90,847702,Miya,139.5,42.90166667